-- phpMyAdmin SQL Dump
-- version 3.5.1
-- http://www.phpmyadmin.net
--
-- Servidor: localhost
-- Tiempo de generación: 29-05-2017 a las 15:48:03
-- Versión del servidor: 5.5.24-log
-- Versión de PHP: 5.4.3

SET SQL_MODE="NO_AUTO_VALUE_ON_ZERO";
SET time_zone = "+00:00";


/*!40101 SET @OLD_CHARACTER_SET_CLIENT=@@CHARACTER_SET_CLIENT */;
/*!40101 SET @OLD_CHARACTER_SET_RESULTS=@@CHARACTER_SET_RESULTS */;
/*!40101 SET @OLD_COLLATION_CONNECTION=@@COLLATION_CONNECTION */;
/*!40101 SET NAMES utf8 */;

--
-- Base de datos: `tarea_integrada_parking`
--

-- --------------------------------------------------------

--
-- Estructura de tabla para la tabla `cargos`
--

CREATE TABLE IF NOT EXISTS `cargos` (
  `cod_garaje` int(1) NOT NULL,
  `num_plaza` int(3) NOT NULL,
  `cod_servicio` int(2) NOT NULL,
  PRIMARY KEY (`cod_garaje`,`num_plaza`,`cod_servicio`),
  KEY `num_plaza` (`num_plaza`),
  KEY `cod_servicio` (`cod_servicio`)
) ENGINE=InnoDB DEFAULT CHARSET=utf8 COLLATE=utf8_spanish_ci;

--
-- Volcado de datos para la tabla `cargos`
--

INSERT INTO `cargos` (`cod_garaje`, `num_plaza`, `cod_servicio`) VALUES
(3, 2, 2),
(3, 9, 1),
(3, 9, 2),
(3, 10, 2),
(2, 12, 2),
(3, 12, 1),
(2, 13, 2),
(1, 14, 1),
(1, 15, 2),
(3, 15, 1),
(2, 16, 1),
(1, 17, 2),
(3, 24, 1),
(1, 28, 1),
(3, 30, 1),
(3, 37, 2),
(3, 38, 1),
(1, 42, 1),
(1, 44, 2),
(3, 46, 1),
(3, 47, 2),
(2, 49, 2),
(1, 50, 2),
(3, 50, 1),
(1, 51, 2),
(1, 53, 2),
(1, 55, 2),
(2, 58, 2),
(3, 59, 1),
(2, 66, 1),
(3, 66, 1),
(3, 71, 1),
(2, 77, 1),
(2, 77, 2),
(1, 78, 2),
(1, 79, 1),
(3, 80, 1),
(3, 80, 2),
(1, 82, 1),
(1, 82, 2),
(1, 84, 1),
(2, 89, 1),
(2, 91, 1),
(2, 91, 2),
(1, 92, 1),
(2, 92, 1),
(3, 96, 2),
(1, 97, 2),
(1, 100, 2),
(1, 101, 2),
(2, 101, 1),
(3, 101, 2),
(2, 103, 1),
(1, 107, 2),
(1, 108, 1),
(2, 109, 1),
(1, 112, 1),
(1, 113, 2),
(3, 113, 2),
(1, 115, 2),
(3, 115, 1),
(1, 118, 2),
(2, 120, 2),
(1, 126, 1),
(1, 130, 1),
(1, 131, 1),
(1, 131, 2),
(3, 133, 1),
(1, 137, 2),
(2, 140, 1),
(3, 141, 1),
(3, 141, 2),
(3, 142, 1),
(2, 144, 2),
(3, 150, 2),
(1, 155, 1),
(1, 156, 1),
(2, 156, 2),
(1, 157, 1),
(2, 158, 1),
(2, 158, 2),
(1, 163, 2),
(2, 165, 1),
(2, 180, 1),
(3, 185, 2),
(3, 188, 2),
(2, 194, 1),
(3, 194, 1),
(3, 200, 1),
(3, 201, 1),
(2, 204, 2),
(2, 208, 2),
(3, 208, 2),
(2, 210, 2),
(3, 211, 1),
(2, 212, 2),
(3, 213, 2),
(2, 214, 2),
(2, 215, 1),
(2, 215, 2),
(3, 219, 1),
(1, 222, 2),
(3, 224, 2),
(2, 225, 1),
(2, 225, 2),
(3, 235, 1),
(3, 235, 2),
(2, 236, 1),
(2, 236, 2),
(2, 239, 1),
(3, 241, 2),
(3, 245, 2),
(2, 246, 2),
(3, 247, 1),
(3, 247, 2),
(1, 248, 2),
(3, 248, 2),
(3, 251, 1),
(3, 252, 2),
(1, 253, 2),
(2, 255, 1),
(2, 256, 2),
(2, 258, 2),
(2, 259, 1),
(2, 259, 2),
(1, 261, 2),
(2, 261, 1),
(2, 262, 2),
(3, 264, 1),
(3, 264, 2),
(2, 266, 1),
(2, 266, 2),
(2, 268, 1),
(3, 269, 1),
(1, 271, 2),
(3, 272, 1),
(2, 273, 1),
(1, 275, 1),
(1, 275, 2),
(3, 275, 2),
(1, 280, 1),
(3, 282, 2),
(1, 283, 2),
(1, 287, 2),
(3, 287, 2),
(3, 291, 1),
(2, 293, 1),
(2, 297, 2),
(3, 299, 2),
(2, 309, 2),
(2, 313, 2),
(1, 314, 1),
(3, 314, 2),
(3, 319, 1),
(1, 320, 1),
(3, 320, 2),
(2, 321, 2),
(1, 322, 1),
(1, 322, 2),
(3, 323, 2),
(1, 325, 1),
(3, 328, 2),
(2, 329, 1),
(2, 334, 1),
(2, 334, 2),
(3, 337, 1),
(3, 337, 2),
(2, 338, 2),
(1, 344, 1),
(1, 344, 2),
(2, 344, 1),
(3, 351, 1),
(3, 352, 1),
(3, 355, 1),
(1, 359, 2),
(3, 359, 2),
(1, 365, 1),
(1, 365, 2),
(3, 365, 1),
(3, 365, 2),
(1, 366, 1),
(3, 371, 1),
(3, 371, 2),
(2, 373, 2),
(3, 377, 1),
(2, 379, 1),
(2, 383, 2),
(3, 384, 2),
(3, 389, 2),
(1, 391, 1),
(1, 391, 2),
(2, 396, 1),
(2, 399, 2),
(1, 400, 1),
(3, 408, 1),
(3, 410, 1),
(3, 412, 1),
(3, 414, 1),
(1, 416, 2),
(3, 420, 1),
(3, 424, 2),
(2, 425, 1),
(3, 426, 2),
(2, 429, 2),
(1, 433, 2),
(3, 433, 2),
(1, 434, 1),
(2, 440, 2),
(3, 440, 1),
(3, 440, 2),
(2, 444, 1),
(3, 449, 2),
(1, 456, 1),
(2, 456, 2),
(2, 458, 2),
(3, 458, 1),
(3, 464, 1),
(1, 468, 1),
(3, 468, 1),
(3, 470, 2),
(3, 471, 1),
(3, 476, 1),
(2, 483, 2),
(1, 484, 2),
(1, 489, 2),
(1, 490, 1),
(1, 490, 2),
(3, 492, 1),
(3, 492, 2),
(1, 494, 2),
(2, 495, 2),
(1, 496, 1),
(3, 496, 2),
(2, 497, 1),
(3, 497, 1),
(2, 503, 2),
(3, 504, 2),
(2, 507, 2),
(1, 508, 1),
(1, 508, 2),
(3, 508, 2),
(1, 510, 1),
(3, 513, 1),
(2, 516, 1),
(2, 517, 2),
(3, 520, 2),
(1, 526, 1),
(1, 527, 1),
(2, 527, 1),
(2, 532, 1),
(2, 532, 2),
(3, 535, 1),
(3, 535, 2),
(2, 537, 1),
(1, 541, 1),
(2, 545, 1),
(2, 545, 2),
(1, 550, 1),
(1, 550, 2),
(2, 550, 2),
(2, 556, 1),
(1, 558, 1),
(3, 558, 1),
(1, 562, 2),
(3, 562, 1),
(3, 562, 2),
(3, 563, 1),
(2, 565, 2),
(2, 575, 2),
(3, 576, 2),
(3, 580, 2),
(1, 582, 1),
(1, 583, 2),
(2, 583, 1),
(2, 583, 2),
(1, 586, 2),
(2, 587, 1),
(2, 588, 1),
(2, 591, 2),
(3, 592, 2),
(3, 595, 1),
(2, 596, 2);

-- --------------------------------------------------------

--
-- Estructura de tabla para la tabla `distribuidores`
--

CREATE TABLE IF NOT EXISTS `distribuidores` (
  `cod` int(2) NOT NULL,
  `nombre` varchar(30) COLLATE utf8_spanish_ci NOT NULL,
  `mail` varchar(50) COLLATE utf8_spanish_ci NOT NULL,
  `direccion` varchar(200) COLLATE utf8_spanish_ci NOT NULL,
  PRIMARY KEY (`cod`),
  KEY `cod` (`cod`),
  KEY `cod_2` (`cod`)
) ENGINE=InnoDB DEFAULT CHARSET=utf8 COLLATE=utf8_spanish_ci;

--
-- Volcado de datos para la tabla `distribuidores`
--

INSERT INTO `distribuidores` (`cod`, `nombre`, `mail`, `direccion`) VALUES
(1, 'Zoomcast', 'killesley0@opensource.org', '5 Lakewood Gardens Hill'),
(2, 'Photospace', 'wallkins1@pen.io', '67 Harbort Place'),
(3, 'Brainlounge', 'gpereira2@dion.ne.jp', '831 Summit Center'),
(4, 'Fadeo', 'mderx3@godaddy.com', '8107 Old Gate Court'),
(5, 'Devcast', 'cgouinlock4@multiply.com', '6064 Dunning Park'),
(6, 'Browsedrive', 'ajagoe5@friendfeed.com', '50 Rieder Pass'),
(7, 'Twimbo', 'tgiamitti6@indiegogo.com', '591 Hermina Drive'),
(8, 'Wikivu', 'astopher7@typepad.com', '6 Coolidge Parkway'),
(9, 'Gabtype', 'wocleary8@360.cn', '4 Swallow Pass'),
(10, 'Mybuzz', 'sramm9@usnews.com', '6356 Mcguire Alley');

-- --------------------------------------------------------

--
-- Estructura de tabla para la tabla `garajes`
--

CREATE TABLE IF NOT EXISTS `garajes` (
  `cod` int(1) NOT NULL,
  `direccion` varchar(200) COLLATE utf8_spanish_ci NOT NULL,
  PRIMARY KEY (`cod`)
) ENGINE=InnoDB DEFAULT CHARSET=utf8 COLLATE=utf8_spanish_ci;

--
-- Volcado de datos para la tabla `garajes`
--

INSERT INTO `garajes` (`cod`, `direccion`) VALUES
(1, 'Callejón Hebraismes calabrotaven cimentacions, 296B 16ºE'),
(2, 'Rambla Familiaritat gratarem llibertador dipiràmide, 70B 18ºH'),
(3, 'Urbanización Domi desmeresqueren discursejava estoves, 219 7ºC');

-- --------------------------------------------------------

--
-- Estructura de tabla para la tabla `pedidos`
--

CREATE TABLE IF NOT EXISTS `pedidos` (
  `fecha` date NOT NULL,
  `cod_producto` int(3) NOT NULL,
  `cantidad` int(3) NOT NULL,
  `prec_total` double(7,2) NOT NULL,
  PRIMARY KEY (`fecha`,`cod_producto`),
  KEY `cod_producto` (`cod_producto`)
) ENGINE=InnoDB DEFAULT CHARSET=utf8 COLLATE=utf8_spanish_ci;

--
-- Volcado de datos para la tabla `pedidos`
--

INSERT INTO `pedidos` (`fecha`, `cod_producto`, `cantidad`, `prec_total`) VALUES
('2017-05-04', 1, 223, 7751.48),
('2017-05-04', 8, 169, 2203.75),
('2017-05-05', 1, 153, 5318.28),
('2017-05-05', 5, 179, 3721.41),
('2017-05-06', 2, 106, 788.64),
('2017-05-06', 7, 193, 3778.93),
('2017-05-07', 3, 164, 3365.28),
('2017-05-09', 8, 154, 2008.16),
('2017-05-10', 1, 205, 7125.79),
('2017-05-10', 6, 141, 2329.32),
('2017-05-11', 1, 195, 6778.20),
('2017-05-12', 6, 161, 2659.72),
('2017-05-12', 7, 213, 4170.54),
('2017-05-13', 2, 94, 699.36),
('2017-05-13', 8, 163, 2125.52),
('2017-05-14', 4, 88, 1663.19),
('2017-05-15', 1, 222, 7716.71),
('2017-05-15', 3, 150, 3078.00),
('2017-05-15', 7, 180, 3524.39),
('2017-05-16', 8, 197, 2568.87),
('2017-05-17', 6, 165, 2725.80),
('2017-05-17', 8, 192, 2503.67),
('2017-05-19', 3, 186, 3816.72),
('2017-05-19', 4, 116, 2192.39),
('2017-05-19', 5, 193, 4012.47),
('2017-05-21', 7, 186, 3641.87),
('2017-05-22', 1, 196, 6812.96),
('2017-05-22', 7, 193, 3778.93),
('2017-05-23', 2, 110, 818.40),
('2017-05-23', 4, 117, 2211.29),
('2017-05-23', 6, 136, 2246.71),
('2017-05-25', 4, 103, 1946.69),
('2017-05-27', 1, 158, 5492.08),
('2017-05-28', 4, 106, 2003.40),
('2017-05-28', 8, 189, 2464.56);

-- --------------------------------------------------------

--
-- Estructura de tabla para la tabla `plazas`
--

CREATE TABLE IF NOT EXISTS `plazas` (
  `cod_garaje` int(1) NOT NULL,
  `num_plaza` int(3) NOT NULL,
  `num_planta` int(1) NOT NULL,
  `dimensiones` int(2) NOT NULL,
  `matricula` varchar(7) COLLATE utf8_spanish_ci DEFAULT NULL,
  `h_entrada` datetime DEFAULT NULL,
  `cod_ticket` int(10) DEFAULT NULL,
  PRIMARY KEY (`cod_garaje`,`num_plaza`),
  KEY `num_plaza` (`num_plaza`)
) ENGINE=InnoDB DEFAULT CHARSET=utf8 COLLATE=utf8_spanish_ci;

--
-- Volcado de datos para la tabla `plazas`
--

INSERT INTO `plazas` (`cod_garaje`, `num_plaza`, `num_planta`, `dimensiones`, `matricula`, `h_entrada`, `cod_ticket`) VALUES
(1, 1, 1, 19, NULL, NULL, NULL),
(1, 2, 1, 12, '0414DOZ', '2017-05-09 11:26:39', 1312447052),
(1, 3, 1, 19, '7929RVP', '2017-05-19 12:28:43', NULL),
(1, 4, 1, 16, NULL, NULL, NULL),
(1, 5, 1, 21, NULL, NULL, NULL),
(1, 6, 1, 23, NULL, NULL, NULL),
(1, 7, 1, 24, NULL, NULL, NULL),
(1, 8, 1, 22, '4526XXQ', '2017-05-19 07:10:18', NULL),
(1, 9, 1, 20, '7657HLM', '2017-05-19 06:39:38', NULL),
(1, 10, 1, 16, NULL, NULL, NULL),
(1, 11, 1, 13, NULL, NULL, NULL),
(1, 12, 1, 16, '1546YMO', '2017-05-19 08:03:13', 1882958352),
(1, 13, 1, 22, NULL, NULL, NULL),
(1, 14, 1, 13, '6422JVA', '2017-05-19 08:42:33', NULL),
(1, 15, 1, 19, '2524RWZ', '2017-05-19 10:04:09', NULL),
(1, 16, 1, 22, '1340OYI', '2017-05-19 10:41:32', NULL),
(1, 17, 1, 12, '7644AMB', '2017-05-19 09:22:03', NULL),
(1, 18, 1, 24, '4056FMX', '2017-05-19 06:35:42', NULL),
(1, 19, 1, 17, '0638BXQ', '2017-05-19 07:35:00', NULL),
(1, 20, 1, 23, NULL, NULL, NULL),
(1, 21, 1, 14, NULL, NULL, NULL),
(1, 22, 1, 24, NULL, NULL, NULL),
(1, 23, 1, 18, '9990EYM', '2017-05-19 07:11:06', NULL),
(1, 24, 1, 19, '8285ZBC', '2017-05-19 05:43:35', 1259368042),
(1, 25, 1, 24, NULL, NULL, NULL),
(1, 26, 1, 17, NULL, NULL, NULL),
(1, 27, 1, 18, NULL, NULL, NULL),
(1, 28, 1, 22, '1310KQP', '2017-05-29 09:48:26', NULL),
(1, 29, 1, 24, '7842MMA', '2017-05-29 13:57:00', 1344273635),
(1, 30, 1, 13, '2903ZAG', '2017-05-19 11:54:47', 1033208095),
(1, 31, 1, 15, NULL, NULL, NULL),
(1, 32, 1, 12, NULL, NULL, NULL),
(1, 33, 1, 21, NULL, NULL, NULL),
(1, 34, 1, 24, NULL, NULL, NULL),
(1, 35, 1, 12, '8765PEA', '2017-05-19 11:13:30', 1920247619),
(1, 36, 1, 22, NULL, NULL, NULL),
(1, 37, 1, 17, '8577SNF', '2017-05-19 08:14:02', NULL),
(1, 38, 1, 20, NULL, NULL, NULL),
(1, 39, 1, 15, '2036GLN', '2017-05-19 06:30:57', NULL),
(1, 40, 1, 23, '0418STW', '2017-05-19 12:39:32', NULL),
(1, 41, 1, 22, NULL, NULL, NULL),
(1, 42, 1, 18, '5162TNW', '2017-05-19 06:48:29', NULL),
(1, 43, 1, 15, NULL, NULL, NULL),
(1, 44, 1, 13, '5010NWB', '2017-05-19 12:00:35', NULL),
(1, 45, 1, 21, '2135WDD', '2017-05-19 06:18:23', NULL),
(1, 46, 1, 21, NULL, NULL, NULL),
(1, 47, 1, 22, NULL, NULL, NULL),
(1, 48, 1, 18, '4882HIV', '2017-05-19 10:40:15', NULL),
(1, 49, 1, 21, NULL, NULL, NULL),
(1, 50, 1, 14, '9672SVZ', '2017-05-19 13:02:09', NULL),
(1, 51, 1, 23, '2517VSL', '2017-05-19 09:20:07', NULL),
(1, 52, 1, 15, NULL, NULL, NULL),
(1, 53, 1, 12, '2378JBA', '2017-05-19 05:36:49', NULL),
(1, 54, 1, 16, NULL, NULL, NULL),
(1, 55, 1, 23, '7249MDP', '2017-05-19 10:49:45', NULL),
(1, 56, 1, 19, NULL, NULL, NULL),
(1, 57, 1, 13, NULL, NULL, NULL),
(1, 58, 1, 21, '4930KCR', '2017-05-19 12:02:31', 1809606752),
(1, 59, 1, 14, NULL, NULL, NULL),
(1, 60, 1, 23, NULL, NULL, NULL),
(1, 61, 1, 15, NULL, NULL, NULL),
(1, 62, 1, 24, NULL, NULL, NULL),
(1, 63, 1, 15, NULL, NULL, NULL),
(1, 64, 1, 22, '6922FJD', '2017-05-19 05:59:19', NULL),
(1, 65, 1, 12, '7862NLH', '2017-05-19 09:49:25', 1451001562),
(1, 66, 1, 17, NULL, NULL, NULL),
(1, 67, 1, 19, NULL, NULL, NULL),
(1, 68, 1, 18, NULL, NULL, NULL),
(1, 69, 1, 18, '3100CCU', '2017-05-19 12:00:12', 1241768030),
(1, 70, 1, 15, '0194PTS', '2017-05-19 09:42:21', NULL),
(1, 71, 1, 15, NULL, NULL, NULL),
(1, 72, 1, 23, '7333DSZ', '2017-05-19 07:50:26', NULL),
(1, 73, 1, 18, NULL, NULL, NULL),
(1, 74, 1, 16, NULL, NULL, NULL),
(1, 75, 1, 12, NULL, NULL, NULL),
(1, 76, 1, 19, '1628OJG', '2017-05-19 07:52:06', NULL),
(1, 77, 1, 21, NULL, NULL, NULL),
(1, 78, 1, 18, '6729WAD', '2017-05-19 10:06:31', NULL),
(1, 79, 1, 16, '7578EDN', '2017-05-19 07:24:33', NULL),
(1, 80, 1, 17, '4064BRW', '2017-05-19 09:21:53', 1612631954),
(1, 81, 1, 24, NULL, NULL, NULL),
(1, 82, 1, 15, '7196UCX', '2017-05-19 12:37:34', NULL),
(1, 83, 1, 24, NULL, NULL, NULL),
(1, 84, 1, 18, '7478CWP', '2017-05-19 12:14:18', NULL),
(1, 85, 1, 19, NULL, NULL, NULL),
(1, 86, 1, 12, NULL, NULL, NULL),
(1, 87, 1, 22, NULL, NULL, NULL),
(1, 88, 1, 24, '8747BEU', '2017-05-19 10:12:19', NULL),
(1, 89, 1, 23, NULL, NULL, NULL),
(1, 90, 1, 12, '0731MRS', '2017-05-19 06:15:03', 1251402569),
(1, 91, 1, 19, NULL, NULL, NULL),
(1, 92, 1, 23, '3949JDI', '2017-05-19 10:07:07', NULL),
(1, 93, 1, 22, '7865EAY', '2017-05-19 11:19:53', 1883855847),
(1, 94, 1, 12, '6967DTD', '2017-05-19 07:36:54', NULL),
(1, 95, 1, 20, NULL, NULL, NULL),
(1, 96, 1, 12, '1903WTW', '2017-05-19 11:06:51', 1163977938),
(1, 97, 1, 12, '9599QNF', '2017-05-19 12:23:48', NULL),
(1, 98, 1, 16, NULL, NULL, NULL),
(1, 99, 1, 20, NULL, NULL, NULL),
(1, 100, 2, 13, '5468ELL', '2017-05-19 07:49:27', NULL),
(1, 101, 2, 21, '9875HPT', '2017-05-19 10:58:43', NULL),
(1, 102, 2, 16, NULL, NULL, NULL),
(1, 103, 2, 24, '4687NBV', '2017-05-19 10:05:06', NULL),
(1, 104, 2, 22, NULL, NULL, NULL),
(1, 105, 2, 17, '0923NXM', '2017-05-19 09:16:39', NULL),
(1, 106, 2, 19, '6676KTM', '2017-05-19 10:14:36', NULL),
(1, 107, 2, 12, '1868MQG', '2017-05-19 09:29:45', NULL),
(1, 108, 2, 16, '5682MEF', '2017-05-19 07:44:30', NULL),
(1, 109, 2, 14, '4643PZO', '2017-05-19 10:51:39', NULL),
(1, 110, 2, 19, '1488EYY', '2017-05-19 09:18:33', 1854313832),
(1, 111, 2, 23, NULL, NULL, NULL),
(1, 112, 2, 14, '0099PRY', '2017-05-19 07:07:10', NULL),
(1, 113, 2, 23, '6684HXE', '2017-05-19 07:27:24', NULL),
(1, 114, 2, 21, NULL, NULL, NULL),
(1, 115, 2, 14, '9812LFZ', '2017-05-19 12:27:44', NULL),
(1, 116, 2, 12, NULL, NULL, NULL),
(1, 117, 2, 17, NULL, NULL, NULL),
(1, 118, 2, 15, '5307KLU', '2017-05-19 13:06:33', NULL),
(1, 119, 2, 22, NULL, NULL, NULL),
(1, 120, 2, 13, NULL, NULL, NULL),
(1, 121, 2, 13, NULL, NULL, NULL),
(1, 122, 2, 16, NULL, NULL, NULL),
(1, 123, 2, 16, NULL, NULL, NULL),
(1, 124, 2, 21, NULL, NULL, NULL),
(1, 125, 2, 15, NULL, NULL, NULL),
(1, 126, 2, 17, '1843BRF', '2017-05-19 06:03:48', NULL),
(1, 127, 2, 15, NULL, NULL, NULL),
(1, 128, 2, 16, '1148LQW', '2017-05-19 09:42:32', 1177593988),
(1, 129, 2, 20, '5116EOJ', '2017-05-19 10:10:04', 1466606551),
(1, 130, 2, 19, '1475KYU', '2017-05-19 06:13:05', NULL),
(1, 131, 2, 20, '6036BES', '2017-05-19 10:27:46', NULL),
(1, 132, 2, 22, '3140MXE', '2017-05-19 11:03:33', NULL),
(1, 133, 2, 18, NULL, NULL, NULL),
(1, 134, 2, 16, NULL, NULL, NULL),
(1, 135, 2, 18, NULL, NULL, NULL),
(1, 136, 2, 22, '0488CGV', '2017-05-19 09:23:01', 1263712463),
(1, 137, 2, 22, '3616OSI', '2017-05-19 11:59:13', NULL),
(1, 138, 2, 21, '5487WUY', '2017-05-19 05:49:33', NULL),
(1, 139, 2, 18, NULL, NULL, NULL),
(1, 140, 2, 15, NULL, NULL, NULL),
(1, 141, 2, 22, '9380VVV', '2017-05-19 09:05:37', NULL),
(1, 142, 2, 13, '3380YKZ', '2017-05-19 12:03:09', 1708899984),
(1, 143, 2, 19, NULL, NULL, NULL),
(1, 144, 2, 16, NULL, NULL, NULL),
(1, 145, 2, 12, NULL, NULL, NULL),
(1, 146, 2, 13, NULL, NULL, NULL),
(1, 147, 2, 13, NULL, NULL, NULL),
(1, 148, 2, 19, '9220IPV', '2017-05-19 07:46:24', 1449342628),
(1, 149, 2, 12, NULL, NULL, NULL),
(1, 150, 2, 20, '9925IIO', '2017-05-19 07:25:51', 1340160578),
(1, 151, 2, 24, '1802AFG', '2017-05-19 06:01:57', 1748908793),
(1, 152, 2, 22, '9448BXP', '2017-05-19 09:42:21', NULL),
(1, 153, 2, 16, '1525VCJ', '2017-05-19 11:24:48', 1725174861),
(1, 154, 2, 16, '8676OCI', '2017-05-19 09:43:31', 1474066387),
(1, 155, 2, 12, '6595XUS', '2017-05-19 08:14:54', NULL),
(1, 156, 2, 18, '6360LGX', '2017-05-19 06:44:29', NULL),
(1, 157, 2, 13, '7285BEA', '2017-05-19 11:55:17', NULL),
(1, 158, 2, 13, NULL, NULL, NULL),
(1, 159, 2, 13, NULL, NULL, NULL),
(1, 160, 2, 22, '5327POJ', '2017-05-19 08:33:42', 1749041585),
(1, 161, 2, 22, NULL, NULL, NULL),
(1, 162, 2, 21, NULL, NULL, NULL),
(1, 163, 2, 19, '8467JJK', '2017-05-19 07:08:09', NULL),
(1, 164, 2, 22, NULL, NULL, NULL),
(1, 165, 2, 19, NULL, NULL, NULL),
(1, 166, 2, 12, NULL, NULL, NULL),
(1, 167, 2, 21, NULL, NULL, NULL),
(1, 168, 2, 17, NULL, NULL, NULL),
(1, 169, 2, 13, NULL, NULL, NULL),
(1, 170, 2, 19, NULL, NULL, NULL),
(1, 171, 2, 16, '7618CZE', '2017-05-19 12:19:52', NULL),
(1, 172, 2, 22, NULL, NULL, NULL),
(1, 173, 2, 14, '4165YUE', '2017-05-19 07:27:01', 1444334193),
(1, 174, 2, 21, NULL, NULL, NULL),
(1, 175, 2, 19, NULL, NULL, NULL),
(1, 176, 2, 15, '9465FYO', '2017-05-19 11:39:33', 1857709145),
(1, 177, 2, 12, '8375AWG', '2017-05-19 05:49:29', NULL),
(1, 178, 2, 15, '7086VCI', '2017-05-19 11:27:43', 1394921548),
(1, 179, 2, 21, NULL, NULL, NULL),
(1, 180, 2, 20, NULL, NULL, NULL),
(1, 181, 2, 16, NULL, NULL, NULL),
(1, 182, 2, 18, '3806TPF', '2017-05-19 11:38:12', NULL),
(1, 183, 2, 12, NULL, NULL, NULL),
(1, 184, 2, 16, NULL, NULL, NULL),
(1, 185, 2, 21, NULL, NULL, NULL),
(1, 186, 2, 18, NULL, NULL, NULL),
(1, 187, 2, 21, NULL, NULL, NULL),
(1, 188, 2, 19, '4308GDC', '2017-05-19 11:27:45', NULL),
(1, 189, 2, 20, NULL, NULL, NULL),
(1, 190, 2, 17, NULL, NULL, NULL),
(1, 191, 2, 17, NULL, NULL, NULL),
(1, 192, 2, 21, '6866EZP', '2017-05-19 08:24:24', 1235772425),
(1, 193, 2, 14, '9557WTH', '2017-05-19 09:31:43', NULL),
(1, 194, 2, 21, NULL, NULL, NULL),
(1, 195, 2, 12, '9883TOA', '2017-05-19 09:22:52', NULL),
(1, 196, 2, 14, NULL, NULL, NULL),
(1, 197, 2, 16, '7544YQO', '2017-05-19 09:09:06', NULL),
(1, 198, 2, 14, '7050CAY', '2017-05-19 10:04:09', 1667946946),
(1, 199, 2, 12, '8042KOV', '2017-05-19 11:20:52', 1207583794),
(1, 200, 3, 22, NULL, NULL, NULL),
(1, 201, 3, 18, '8113WCO', '2017-05-19 10:44:29', 1237790420),
(1, 202, 3, 22, '8564LQJ', '2017-05-19 11:48:01', 1820916057),
(1, 203, 3, 14, '3358GEY', '2017-05-19 12:09:17', 1737413383),
(1, 204, 3, 22, NULL, NULL, NULL),
(1, 205, 3, 18, NULL, NULL, NULL),
(1, 206, 3, 20, NULL, NULL, NULL),
(1, 207, 3, 16, NULL, NULL, NULL),
(1, 208, 3, 12, '8617ORA', '2017-05-19 11:20:09', NULL),
(1, 209, 3, 19, '4994JQA', '2017-05-19 12:46:59', 1750156256),
(1, 210, 3, 17, '1464FAX', '2017-05-19 06:53:24', NULL),
(1, 211, 3, 14, '2866UYG', '2017-05-19 11:12:01', NULL),
(1, 212, 3, 24, NULL, NULL, NULL),
(1, 213, 3, 18, NULL, NULL, NULL),
(1, 214, 3, 21, '8961JXO', '2017-05-19 09:20:54', 1254272310),
(1, 215, 3, 18, '1444QNX', '2017-05-19 07:03:49', NULL),
(1, 216, 3, 20, NULL, NULL, NULL),
(1, 217, 3, 14, '6043VFX', '2017-05-19 07:35:00', NULL),
(1, 218, 3, 24, '8046SRX', '2017-05-19 07:07:27', NULL),
(1, 219, 3, 18, '0751JBO', '2017-05-19 07:04:47', 1604321547),
(1, 220, 3, 20, NULL, NULL, NULL),
(1, 221, 3, 23, '1776ONI', '2017-05-19 07:32:44', 1188687705),
(1, 222, 3, 12, '8781RLQ', '2017-05-19 10:07:00', NULL),
(1, 223, 3, 20, '5454TVR', '2017-05-19 06:22:15', 1344845975),
(1, 224, 3, 23, '6253CJY', '2017-05-19 12:46:01', NULL),
(1, 225, 3, 16, '6857UKJ', '2017-05-19 07:15:02', 1173317779),
(1, 226, 3, 23, '8430YIO', '2017-05-19 12:16:12', NULL),
(1, 227, 3, 19, '6004YDT', '2017-05-19 06:15:03', 1934811814),
(1, 228, 3, 12, NULL, NULL, NULL),
(1, 229, 3, 14, NULL, NULL, NULL),
(1, 230, 3, 24, '2597GLI', '2017-05-19 05:45:45', NULL),
(1, 231, 3, 15, NULL, NULL, NULL),
(1, 232, 3, 14, NULL, NULL, NULL),
(1, 233, 3, 24, '2238DSE', '2017-05-19 06:34:43', 1942170608),
(1, 234, 3, 17, NULL, NULL, NULL),
(1, 235, 3, 23, '4014KPU', '2017-05-19 09:57:17', NULL),
(1, 236, 3, 16, NULL, NULL, NULL),
(1, 237, 3, 14, '6449DDP', '2017-05-19 06:38:39', NULL),
(1, 238, 3, 18, '7152OKW', '2017-05-19 09:52:22', NULL),
(1, 239, 3, 19, NULL, NULL, NULL),
(1, 240, 3, 12, '8355JUS', '2017-05-19 08:49:06', NULL),
(1, 241, 3, 20, '8794GXZ', '2017-05-19 07:38:38', 1940431075),
(1, 242, 3, 13, '9271CRI', '2017-05-19 06:34:49', NULL),
(1, 243, 3, 19, NULL, NULL, NULL),
(1, 244, 3, 23, NULL, NULL, NULL),
(1, 245, 3, 20, '5228IMU', '2017-05-19 07:40:42', 1845728096),
(1, 246, 3, 18, '3928MVF', '2017-05-19 10:47:51', 1870301984),
(1, 247, 3, 19, NULL, NULL, NULL),
(1, 248, 3, 24, '8104KPR', '2017-05-19 09:33:45', NULL),
(1, 249, 3, 12, '6559LDO', '2017-05-19 08:18:42', 1979493137),
(1, 250, 3, 17, NULL, NULL, NULL),
(1, 251, 3, 19, '5598ISK', '2017-05-19 10:21:15', 1987467064),
(1, 252, 3, 14, NULL, NULL, NULL),
(1, 253, 3, 23, '3319OMY', '2017-05-19 05:31:47', NULL),
(1, 254, 3, 21, NULL, NULL, NULL),
(1, 255, 3, 16, '2872BCS', '2017-05-19 09:46:28', 1426973716),
(1, 256, 3, 17, '5273CSV', '2017-05-19 12:22:51', NULL),
(1, 257, 3, 21, NULL, NULL, NULL),
(1, 258, 3, 22, '6131WBQ', '2017-05-19 09:01:45', NULL),
(1, 259, 3, 12, NULL, NULL, NULL),
(1, 260, 3, 15, '5381CZP', '2017-05-19 10:44:29', 1162193661),
(1, 261, 3, 13, '4600HJS', '2017-05-19 10:58:15', NULL),
(1, 262, 3, 21, '3848QLS', '2017-05-19 09:40:25', NULL),
(1, 263, 3, 15, '6623XRZ', '2017-05-19 12:36:09', NULL),
(1, 264, 3, 19, NULL, NULL, NULL),
(1, 265, 3, 21, NULL, NULL, NULL),
(1, 266, 3, 15, NULL, NULL, NULL),
(1, 267, 3, 17, '7222STK', '2017-05-19 09:51:23', 1768274327),
(1, 268, 3, 20, NULL, NULL, NULL),
(1, 269, 3, 14, '7857AGW', '2017-05-19 10:38:35', NULL),
(1, 270, 3, 23, '6112ZRP', '2017-05-19 06:30:24', NULL),
(1, 271, 3, 22, '5682XVM', '2017-05-19 10:47:51', NULL),
(1, 272, 3, 20, '7998RGC', '2017-05-19 09:02:43', 1528050494),
(1, 273, 3, 17, NULL, NULL, NULL),
(1, 274, 3, 14, NULL, NULL, NULL),
(1, 275, 3, 13, '0314ZJE', '2017-05-19 05:44:33', NULL),
(1, 276, 3, 23, NULL, NULL, NULL),
(1, 277, 3, 15, '4698TAK', '2017-05-19 12:38:33', 1760929698),
(1, 278, 3, 24, NULL, NULL, NULL),
(1, 279, 3, 18, '2792NDE', '2017-05-19 10:40:15', 1286174364),
(1, 280, 3, 15, '4660ADO', '2017-05-19 07:17:59', NULL),
(1, 281, 3, 22, NULL, NULL, NULL),
(1, 282, 3, 12, NULL, NULL, NULL),
(1, 283, 3, 22, '8526DBH', '2017-05-19 08:04:27', NULL),
(1, 284, 3, 18, '0787UBZ', '2017-05-19 06:38:39', 1139042016),
(1, 285, 3, 23, '7851NYL', '2017-05-19 10:18:55', 1260202669),
(1, 286, 3, 21, NULL, NULL, NULL),
(1, 287, 3, 17, '2291LYL', '2017-05-19 09:53:21', NULL),
(1, 288, 3, 18, '1174ANC', '2017-05-19 13:08:15', 1869423171),
(1, 289, 3, 17, NULL, NULL, NULL),
(1, 290, 3, 12, '6341CSZ', '2017-05-19 07:25:05', NULL),
(1, 291, 3, 12, NULL, NULL, NULL),
(1, 292, 3, 20, NULL, NULL, NULL),
(1, 293, 3, 21, NULL, NULL, NULL),
(1, 294, 3, 21, NULL, NULL, NULL),
(1, 295, 3, 22, '5610WKW', '2017-05-19 06:18:00', 1175015340),
(1, 296, 3, 19, '3695COC', '2017-05-19 06:37:43', 1768005803),
(1, 297, 3, 24, NULL, NULL, NULL),
(1, 298, 3, 22, '9354WZC', '2017-05-19 11:07:06', 1820245592),
(1, 299, 3, 18, NULL, NULL, NULL),
(1, 300, 4, 14, NULL, NULL, NULL),
(1, 301, 4, 15, NULL, NULL, NULL),
(1, 302, 4, 14, NULL, NULL, NULL),
(1, 303, 4, 13, NULL, NULL, NULL),
(1, 304, 4, 18, '0803JKA', '2017-05-19 11:21:51', NULL),
(1, 305, 4, 23, NULL, NULL, NULL),
(1, 306, 4, 19, NULL, NULL, NULL),
(1, 307, 4, 21, '5767XRQ', '2017-05-19 11:08:45', NULL),
(1, 308, 4, 21, '5672MGF', '2017-05-19 09:47:27', NULL),
(1, 309, 4, 18, '6038XGZ', '2017-05-19 07:40:42', NULL),
(1, 310, 4, 16, NULL, NULL, NULL),
(1, 311, 4, 17, '6310UXB', '2017-05-19 10:43:30', 1667036844),
(1, 312, 4, 14, '3372ZLH', '2017-05-19 08:57:53', 1520896649),
(1, 313, 4, 23, '0383YAS', '2017-05-19 12:12:59', 1295397922),
(1, 314, 4, 15, '5115MGS', '2017-05-19 06:16:09', NULL),
(1, 315, 4, 15, NULL, NULL, NULL),
(1, 316, 4, 15, NULL, NULL, NULL),
(1, 317, 4, 22, NULL, NULL, NULL),
(1, 318, 4, 22, '1620QNE', '2017-05-19 12:01:11', NULL),
(1, 319, 4, 21, '6393WBD', '2017-05-19 11:49:57', NULL),
(1, 320, 4, 24, '8893CLJ', '2017-05-19 12:18:53', NULL),
(1, 321, 4, 24, NULL, NULL, NULL),
(1, 322, 4, 15, '0876LYR', '2017-05-19 12:36:21', NULL),
(1, 323, 4, 12, NULL, NULL, NULL),
(1, 324, 4, 17, '8581WMM', '2017-05-19 13:18:54', NULL),
(1, 325, 4, 12, '1136GDO', '2017-05-19 12:10:30', NULL),
(1, 326, 4, 17, NULL, NULL, NULL),
(1, 327, 4, 12, NULL, NULL, NULL),
(1, 328, 4, 20, '8926EKN', '2017-05-19 09:06:09', NULL),
(1, 329, 4, 17, '5663GAL', '2017-05-19 08:46:15', NULL),
(1, 330, 4, 12, NULL, NULL, NULL),
(1, 331, 4, 22, '9091PEH', '2017-05-19 08:40:35', 1308691872),
(1, 332, 4, 15, '7193DOR', '2017-05-19 05:35:43', NULL),
(1, 333, 4, 15, '6077EUB', '2017-05-19 12:54:43', 1188745892),
(1, 334, 4, 18, '4567OAI', '2017-05-19 07:57:19', NULL),
(1, 335, 4, 19, NULL, NULL, NULL),
(1, 336, 4, 19, '0349MBK', '2017-05-19 11:28:42', NULL),
(1, 337, 4, 17, NULL, NULL, NULL),
(1, 338, 4, 18, NULL, NULL, NULL),
(1, 339, 4, 20, '1758GGM', '2017-05-19 07:18:19', NULL),
(1, 340, 4, 23, '3054QDM', '2017-05-19 10:31:39', 1566594982),
(1, 341, 4, 18, NULL, NULL, NULL),
(1, 342, 4, 19, NULL, NULL, NULL),
(1, 343, 4, 19, NULL, NULL, NULL),
(1, 344, 4, 18, '5158SID', '2017-05-19 09:42:21', NULL),
(1, 345, 4, 14, '2317HMM', '2017-05-19 10:46:54', NULL),
(1, 346, 4, 13, NULL, NULL, NULL),
(1, 347, 4, 14, NULL, NULL, NULL),
(1, 348, 4, 12, NULL, NULL, NULL),
(1, 349, 4, 16, NULL, NULL, NULL),
(1, 350, 4, 13, NULL, NULL, NULL),
(1, 351, 4, 19, '9962PER', '2017-05-19 12:26:45', 1896708746),
(1, 352, 4, 14, NULL, NULL, NULL),
(1, 353, 4, 23, NULL, NULL, NULL),
(1, 354, 4, 21, '8456RVI', '2017-05-19 13:08:27', NULL),
(1, 355, 4, 22, NULL, NULL, NULL),
(1, 356, 4, 14, NULL, NULL, NULL),
(1, 357, 4, 23, NULL, NULL, NULL),
(1, 358, 4, 16, NULL, NULL, NULL),
(1, 359, 4, 12, '0833ZIL', '2017-05-19 10:31:42', NULL),
(1, 360, 4, 16, NULL, NULL, NULL),
(1, 361, 4, 18, '1681YAJ', '2017-05-19 10:18:55', NULL),
(1, 362, 4, 12, NULL, NULL, NULL),
(1, 363, 4, 17, '5351EAG', '2017-05-19 07:57:19', 1502234833),
(1, 364, 4, 23, NULL, NULL, NULL),
(1, 365, 4, 21, '6387YYM', '2017-05-19 12:31:24', NULL),
(1, 366, 4, 21, '8317VID', '2017-05-19 08:24:03', NULL),
(1, 367, 4, 12, NULL, NULL, NULL),
(1, 368, 4, 22, NULL, NULL, NULL),
(1, 369, 4, 18, '0618NKP', '2017-05-19 11:46:45', 1401369185),
(1, 370, 4, 15, '0937VLR', '2017-05-19 10:26:49', 1439482681),
(1, 371, 4, 19, '6417NZS', '2017-05-19 11:41:31', 1493017042),
(1, 372, 4, 13, NULL, NULL, NULL),
(1, 373, 4, 15, NULL, NULL, NULL),
(1, 374, 4, 19, '0204ALN', '2017-05-19 05:33:45', 1694433224),
(1, 375, 4, 17, NULL, NULL, NULL),
(1, 376, 4, 16, '0591CUZ', '2017-05-19 10:23:55', 1887282422),
(1, 377, 4, 14, NULL, NULL, NULL),
(1, 378, 4, 24, NULL, NULL, NULL),
(1, 379, 4, 22, '7741XRW', '2017-05-19 13:02:27', 1243801165),
(1, 380, 4, 13, NULL, NULL, NULL),
(1, 381, 4, 22, NULL, NULL, NULL),
(1, 382, 4, 19, '8830UOZ', '2017-05-19 09:36:36', 1572145040),
(1, 383, 4, 19, '3391JWM', '2017-05-19 07:13:09', NULL),
(1, 384, 4, 21, '0255JWY', '2017-05-19 12:31:24', NULL),
(1, 385, 4, 22, '4171NUE', '2017-05-19 07:44:25', NULL),
(1, 386, 4, 18, NULL, NULL, NULL),
(1, 387, 4, 15, '6240YBJ', '2017-05-19 10:19:54', 1493507339),
(1, 388, 4, 21, '5786WNF', '2017-05-19 08:18:42', 1115369558),
(1, 389, 4, 22, NULL, NULL, NULL),
(1, 390, 4, 21, '4715ZGI', '2017-05-19 08:46:15', NULL),
(1, 391, 4, 18, '7068EIK', '2017-05-19 09:10:27', NULL),
(1, 392, 4, 21, '7063NFD', '2017-05-19 11:13:30', 1879451007),
(1, 393, 4, 22, NULL, NULL, NULL),
(1, 394, 4, 15, '7514EIO', '2017-05-19 10:06:31', 1890344208),
(1, 395, 4, 24, NULL, NULL, NULL),
(1, 396, 4, 14, '9862ODA', '2017-05-19 12:27:39', NULL),
(1, 397, 4, 18, NULL, NULL, NULL),
(1, 398, 4, 13, '8113UQD', '2017-05-19 05:29:49', 1031188345),
(1, 399, 4, 19, '0361TXL', '2017-05-19 07:18:51', NULL),
(1, 400, 5, 20, '6189PDC', '2017-05-19 06:34:49', NULL),
(1, 401, 5, 17, '8126OTU', '2017-05-19 08:09:12', 1513544319),
(1, 402, 5, 14, NULL, NULL, NULL),
(1, 403, 5, 16, NULL, NULL, NULL),
(1, 404, 5, 19, '9175VTA', '2017-05-19 11:19:01', 1981409680),
(1, 405, 5, 20, NULL, NULL, NULL),
(1, 406, 5, 23, '3525HGH', '2017-05-19 08:47:12', NULL),
(1, 407, 5, 24, NULL, NULL, NULL),
(1, 408, 5, 20, NULL, NULL, NULL),
(1, 409, 5, 23, NULL, NULL, NULL),
(1, 410, 5, 20, '7728BDX', '2017-05-19 09:45:09', NULL),
(1, 411, 5, 17, '3744YEO', '2017-05-19 10:28:51', 1126565918),
(1, 412, 5, 17, NULL, NULL, NULL),
(1, 413, 5, 15, NULL, NULL, NULL),
(1, 414, 5, 23, NULL, NULL, NULL),
(1, 415, 5, 21, NULL, NULL, NULL),
(1, 416, 5, 18, '3861NDK', '2017-05-19 12:49:22', NULL),
(1, 417, 5, 18, NULL, NULL, NULL),
(1, 418, 5, 14, NULL, NULL, NULL),
(1, 419, 5, 15, NULL, NULL, NULL),
(1, 420, 5, 20, NULL, NULL, NULL),
(1, 421, 5, 16, '6664ZYQ', '2017-05-19 07:21:55', 1758651248),
(1, 422, 5, 17, NULL, NULL, NULL),
(1, 423, 5, 20, '7817DIW', '2017-05-19 12:22:49', NULL),
(1, 424, 5, 12, '8932UMP', '2017-05-19 06:43:42', 1911510983),
(1, 425, 5, 22, NULL, NULL, NULL),
(1, 426, 5, 24, '2348ZSY', '2017-05-19 12:17:59', NULL),
(1, 427, 5, 24, NULL, NULL, NULL),
(1, 428, 5, 19, NULL, NULL, NULL),
(1, 429, 5, 12, NULL, NULL, NULL),
(1, 430, 5, 21, '1657FEL', '2017-05-19 10:56:24', 1723625928),
(1, 431, 5, 16, NULL, NULL, NULL),
(1, 432, 5, 21, NULL, NULL, NULL),
(1, 433, 5, 24, '1333RUV', '2017-05-19 07:51:25', NULL),
(1, 434, 5, 12, '3065ZNJ', '2017-05-19 07:03:39', NULL),
(1, 435, 5, 19, NULL, NULL, NULL),
(1, 436, 5, 16, NULL, NULL, NULL),
(1, 437, 5, 12, '3776ZOZ', '2017-05-19 12:14:57', NULL),
(1, 438, 5, 18, '5187XGY', '2017-05-19 11:38:21', NULL),
(1, 439, 5, 19, NULL, NULL, NULL),
(1, 440, 5, 12, NULL, NULL, NULL),
(1, 441, 5, 14, '8041XIR', '2017-05-19 07:05:33', NULL),
(1, 442, 5, 13, '0416UDK', '2017-05-19 11:57:12', NULL),
(1, 443, 5, 16, '1961KHC', '2017-05-19 12:40:54', NULL),
(1, 444, 5, 22, '9734ONU', '2017-05-19 09:58:27', 1810527804),
(1, 445, 5, 17, NULL, NULL, NULL),
(1, 446, 5, 18, NULL, NULL, NULL),
(1, 447, 5, 22, '1454SLM', '2017-05-19 13:09:13', NULL),
(1, 448, 5, 13, NULL, NULL, NULL),
(1, 449, 5, 12, '3303LWA', '2017-05-19 13:16:57', NULL),
(1, 450, 5, 16, NULL, NULL, NULL),
(1, 451, 5, 13, '3786NFQ', '2017-05-19 11:13:59', NULL),
(1, 452, 5, 17, NULL, NULL, NULL),
(1, 453, 5, 13, '2208WCQ', '2017-05-19 06:06:12', 1885655774),
(1, 454, 5, 17, '6819EXL', '2017-05-19 10:30:45', 1942893900),
(1, 455, 5, 21, NULL, NULL, NULL),
(1, 456, 5, 20, '3171PQW', '2017-05-19 09:51:23', NULL),
(1, 457, 5, 24, '7504GAH', '2017-05-19 06:37:40', NULL),
(1, 458, 5, 13, '6356BKP', '2017-05-19 06:33:51', NULL),
(1, 459, 5, 21, NULL, NULL, NULL),
(1, 460, 5, 15, '9188DII', '2017-05-19 06:39:55', 1027129445),
(1, 461, 5, 16, '3306WCL', '2017-05-19 12:39:01', NULL),
(1, 462, 5, 22, '7331TIM', '2017-05-19 11:49:37', 1116529037),
(1, 463, 5, 23, NULL, NULL, NULL),
(1, 464, 5, 17, '5881LIM', '2017-05-19 07:01:54', NULL),
(1, 465, 5, 16, NULL, NULL, NULL),
(1, 466, 5, 14, NULL, NULL, NULL),
(1, 467, 5, 24, NULL, NULL, NULL),
(1, 468, 5, 17, '9441CTV', '2017-05-19 08:46:16', NULL),
(1, 469, 5, 22, NULL, NULL, NULL),
(1, 470, 5, 23, NULL, NULL, NULL),
(1, 471, 5, 22, NULL, NULL, NULL),
(1, 472, 5, 20, '2703FKQ', '2017-05-19 10:59:42', 1303575004),
(1, 473, 5, 24, '9893QVO', '2017-05-19 08:32:58', 1968528240),
(1, 474, 5, 12, '2328AIB', '2017-05-27 14:33:12', 1839286272),
(1, 475, 5, 16, '2632YYP', '2017-05-19 09:49:08', NULL),
(1, 476, 5, 17, NULL, NULL, NULL),
(1, 477, 5, 21, NULL, NULL, NULL),
(1, 478, 5, 23, '5917QAH', '2017-05-19 05:50:31', 1819366362),
(1, 479, 5, 12, NULL, NULL, NULL),
(1, 480, 5, 21, '5422GHM', '2017-05-19 07:49:16', 1345145532),
(1, 481, 5, 18, '7894EZG', '2017-05-19 05:57:08', 1569873607),
(1, 482, 5, 17, NULL, NULL, NULL),
(1, 483, 5, 20, '2917EVW', '2017-05-19 10:20:54', NULL),
(1, 484, 5, 12, '6696CTV', '2017-05-19 07:38:49', NULL),
(1, 485, 5, 16, '1061KLI', '2017-05-19 08:16:20', NULL),
(1, 486, 5, 20, NULL, NULL, NULL),
(1, 487, 5, 22, '9763HCB', '2017-05-19 06:17:02', 1010348356),
(1, 488, 5, 14, NULL, NULL, NULL),
(1, 489, 5, 18, '1307IOF', '2017-05-19 06:55:23', NULL),
(1, 490, 5, 21, '5973MDH', '2017-05-19 05:29:50', NULL),
(1, 491, 5, 17, NULL, NULL, NULL),
(1, 492, 5, 23, NULL, NULL, NULL),
(1, 493, 5, 24, '6613BED', '2017-05-19 06:53:13', NULL),
(1, 494, 5, 16, '1918XWO', '2017-05-19 13:14:10', NULL),
(1, 495, 5, 24, NULL, NULL, NULL),
(1, 496, 5, 24, '5787DSV', '2017-05-19 07:51:26', NULL),
(1, 497, 5, 14, '5948HSZ', '2017-05-19 06:24:54', 1081355088),
(1, 498, 5, 16, '7580IZW', '2017-05-19 13:07:31', 1668482308),
(1, 499, 5, 23, '0098MFH', '2017-05-19 08:10:32', 1989848259),
(1, 500, 6, 17, '8325FZW', '2017-05-19 05:57:08', 1895547571),
(1, 501, 6, 13, '4183VVC', '2017-05-19 06:26:37', 1599534498),
(1, 502, 6, 18, '4920QAQ', '2017-05-19 08:48:14', NULL),
(1, 503, 6, 24, NULL, NULL, NULL),
(1, 504, 6, 12, NULL, NULL, NULL),
(1, 505, 6, 12, NULL, NULL, NULL),
(1, 506, 6, 15, '2664RGC', '2017-05-19 09:13:22', NULL),
(1, 507, 6, 12, NULL, NULL, NULL),
(1, 508, 6, 15, '3995TIY', '2017-05-19 07:32:50', NULL),
(1, 509, 6, 18, '6577QSY', '2017-05-19 11:05:55', NULL),
(1, 510, 6, 22, '5693ZXQ', '2017-05-19 10:42:10', NULL),
(1, 511, 6, 12, '0851ENB', '2017-05-19 10:41:33', NULL),
(1, 512, 6, 19, '5643OON', '2017-05-19 05:28:51', NULL),
(1, 513, 6, 15, '7431RBD', '2017-05-19 09:25:13', 1180920526),
(1, 514, 6, 20, NULL, NULL, NULL),
(1, 515, 6, 19, '1856KVK', '2017-05-19 06:52:26', 1599073922),
(1, 516, 6, 16, '0761IAK', '2017-05-19 09:08:08', NULL),
(1, 517, 6, 23, NULL, NULL, NULL),
(1, 518, 6, 18, '2346OOE', '2017-05-19 08:09:13', NULL),
(1, 519, 6, 16, '4089RZZ', '2017-05-19 08:22:08', NULL),
(1, 520, 6, 13, NULL, NULL, NULL),
(1, 521, 6, 21, '6240XGI', '2017-05-19 08:11:30', NULL),
(1, 522, 6, 20, '5106CKB', '2017-05-19 07:54:23', NULL),
(1, 523, 6, 12, '1495MXE', '2017-05-19 07:04:37', 1184890042),
(1, 524, 6, 22, '0665RJI', '2017-05-19 09:54:40', 1695240825),
(1, 525, 6, 24, '8299SAJ', '2017-05-19 09:00:48', 1260396874),
(1, 526, 6, 16, '4169HQV', '2017-05-19 11:00:14', NULL),
(1, 527, 6, 15, '9601CCC', '2017-05-19 08:59:34', NULL),
(1, 528, 6, 24, NULL, NULL, NULL),
(1, 529, 6, 12, NULL, NULL, NULL),
(1, 530, 6, 23, '7754QIB', '2017-05-19 08:21:10', 1111985045),
(1, 531, 6, 18, '9889VTH', '2017-05-19 11:36:19', NULL),
(1, 532, 6, 20, '7146CJI', '2017-05-19 06:10:09', NULL),
(1, 533, 6, 22, NULL, NULL, NULL),
(1, 534, 6, 17, '5304YFJ', '2017-05-19 08:10:10', NULL),
(1, 535, 6, 14, NULL, NULL, NULL),
(1, 536, 6, 14, '2710IUR', '2017-05-19 07:20:46', 1263252967),
(1, 537, 6, 24, NULL, NULL, NULL),
(1, 538, 6, 13, NULL, NULL, NULL),
(1, 539, 6, 17, NULL, NULL, NULL),
(1, 540, 6, 12, NULL, NULL, NULL),
(1, 541, 6, 17, '6120TMF', '2017-05-19 10:39:24', NULL),
(1, 542, 6, 15, '2167YMM', '2017-05-19 08:55:58', 1293739321),
(1, 543, 6, 21, NULL, NULL, NULL),
(1, 544, 6, 13, NULL, NULL, NULL),
(1, 545, 6, 20, NULL, NULL, NULL),
(1, 546, 6, 24, '1123MJF', '2017-05-19 08:49:27', NULL),
(1, 547, 6, 23, '3464HMR', '2017-05-19 09:01:46', NULL),
(1, 548, 6, 24, NULL, NULL, NULL),
(1, 549, 6, 14, '9776XSY', '2017-05-19 09:57:31', NULL),
(1, 550, 6, 24, '6791IHY', '2017-05-19 08:18:43', NULL),
(1, 551, 6, 23, NULL, NULL, NULL),
(1, 552, 6, 23, '0287WRT', '2017-05-19 09:51:49', 1830321977),
(1, 553, 6, 24, '9219VKN', '2017-05-19 11:20:10', 1163363495),
(1, 554, 6, 22, NULL, NULL, NULL),
(1, 555, 6, 14, NULL, NULL, NULL),
(1, 556, 6, 15, NULL, NULL, NULL),
(1, 557, 6, 12, NULL, NULL, NULL),
(1, 558, 6, 21, '0676SIJ', '2017-05-19 11:23:52', NULL),
(1, 559, 6, 15, NULL, NULL, NULL),
(1, 560, 6, 18, NULL, NULL, NULL),
(1, 561, 6, 23, '8562ANC', '2017-05-19 06:31:47', NULL),
(1, 562, 6, 20, '0691LVR', '2017-05-19 10:15:00', NULL),
(1, 563, 6, 14, NULL, NULL, NULL),
(1, 564, 6, 15, NULL, NULL, NULL),
(1, 565, 6, 23, NULL, NULL, NULL),
(1, 566, 6, 22, NULL, NULL, NULL),
(1, 567, 6, 20, '5404TAH', '2017-05-19 11:03:34', 1904652129),
(1, 568, 6, 23, NULL, NULL, NULL),
(1, 569, 6, 14, NULL, NULL, NULL),
(1, 570, 6, 17, '8390GNW', '2017-05-19 12:41:12', 1618556679),
(1, 571, 6, 13, '6623QSU', '2017-05-19 07:45:28', 1215742545),
(1, 572, 6, 14, '5477FHA', '2017-05-19 07:56:52', 1414757245),
(1, 573, 6, 20, NULL, NULL, NULL),
(1, 574, 6, 14, '9492HXZ', '2017-05-19 11:37:36', 1152847557),
(1, 575, 6, 24, '3165YAD', '2017-05-19 12:57:04', NULL),
(1, 576, 6, 21, NULL, NULL, NULL),
(1, 577, 6, 20, NULL, NULL, NULL),
(1, 578, 6, 18, NULL, NULL, NULL),
(1, 579, 6, 15, NULL, NULL, NULL),
(1, 580, 6, 14, '5387JFD', '2017-05-19 09:49:26', 1235463621),
(1, 581, 6, 14, '0123KYB', '2017-05-19 13:09:14', 1171912969),
(1, 582, 6, 15, '3931WCC', '2017-05-19 06:30:48', NULL),
(1, 583, 6, 12, '1703VJV', '2017-05-19 06:56:06', NULL),
(1, 584, 6, 17, NULL, NULL, NULL),
(1, 585, 6, 23, '6530OHK', '2017-05-19 12:39:58', NULL),
(1, 586, 6, 24, '4692TQT', '2017-05-19 06:56:22', NULL),
(1, 587, 6, 17, NULL, NULL, NULL),
(1, 588, 6, 23, '9451HOD', '2017-05-19 05:53:22', 1943502962),
(1, 589, 6, 20, NULL, NULL, NULL),
(1, 590, 6, 15, NULL, NULL, NULL),
(1, 591, 6, 12, '5865LFH', '2017-05-19 12:18:58', 1793400437),
(1, 592, 6, 13, '0221TLJ', '2017-05-19 08:53:52', 1531452316),
(1, 593, 6, 16, NULL, NULL, NULL),
(1, 594, 6, 21, '1613BGV', '2017-05-19 06:53:25', NULL),
(1, 595, 6, 20, NULL, NULL, NULL),
(1, 596, 6, 13, NULL, NULL, NULL),
(1, 597, 6, 22, NULL, NULL, NULL),
(1, 598, 6, 21, NULL, NULL, NULL),
(1, 599, 6, 18, '6611BFP', '2017-05-19 13:17:54', NULL),
(1, 600, 7, 17, '0722ESR', '2017-05-19 11:13:31', 1911689442),
(2, 1, 1, 22, NULL, NULL, NULL),
(2, 2, 1, 13, '7965KFR', '2017-05-19 11:37:36', NULL),
(2, 3, 1, 18, '1246HXD', '2017-05-19 07:14:28', NULL),
(2, 4, 1, 14, NULL, NULL, NULL),
(2, 5, 1, 21, NULL, NULL, NULL),
(2, 6, 1, 13, NULL, NULL, NULL),
(2, 7, 1, 17, NULL, NULL, NULL),
(2, 8, 1, 17, NULL, NULL, NULL),
(2, 9, 1, 20, NULL, NULL, NULL),
(2, 10, 1, 19, '4258CVR', '2017-05-19 06:19:00', NULL),
(2, 11, 1, 18, '3131UHI', '2017-05-19 12:08:05', 1114476168),
(2, 12, 1, 22, '6808WNQ', '2017-05-19 08:02:48', NULL),
(2, 13, 1, 16, '2392PWO', '2017-05-19 09:26:54', NULL),
(2, 14, 1, 22, NULL, NULL, NULL),
(2, 15, 1, 24, NULL, NULL, NULL),
(2, 16, 1, 13, '3904LIB', '2017-05-19 09:06:10', NULL),
(2, 17, 1, 24, NULL, NULL, NULL),
(2, 18, 1, 24, NULL, NULL, NULL),
(2, 19, 1, 12, '9472PEP', '2017-05-19 09:04:12', NULL),
(2, 20, 1, 17, '9584JYY', '2017-05-19 08:45:19', NULL),
(2, 21, 1, 23, NULL, NULL, NULL),
(2, 22, 1, 24, '2182RPO', '2017-05-19 08:47:29', NULL),
(2, 23, 1, 19, NULL, NULL, NULL),
(2, 24, 1, 12, NULL, NULL, NULL),
(2, 25, 1, 20, NULL, NULL, NULL),
(2, 26, 1, 21, '0616GQB', '2017-05-19 11:34:25', 1363004797),
(2, 27, 1, 12, '4565WHI', '2017-05-19 13:13:13', NULL),
(2, 28, 1, 20, '5636IQK', '2017-05-19 13:00:12', 1944250861),
(2, 29, 1, 20, NULL, NULL, NULL),
(2, 30, 1, 19, NULL, NULL, NULL),
(2, 31, 1, 13, '5502CHS', '2017-05-19 10:16:31', 1388790430),
(2, 32, 1, 21, NULL, NULL, NULL),
(2, 33, 1, 24, '7649NKT', '2017-05-19 05:55:16', 1215872740),
(2, 34, 1, 17, '0837OIC', '2017-05-19 11:20:00', NULL),
(2, 35, 1, 19, NULL, NULL, NULL),
(2, 36, 1, 24, NULL, NULL, NULL),
(2, 37, 1, 15, NULL, NULL, NULL),
(2, 38, 1, 24, NULL, NULL, NULL),
(2, 39, 1, 13, '8496RAY', '2017-05-19 09:23:02', 1008881872),
(2, 40, 1, 24, NULL, NULL, NULL),
(2, 41, 1, 15, '0798HYO', '2017-05-19 09:28:47', NULL),
(2, 42, 1, 21, NULL, NULL, NULL),
(2, 43, 1, 15, NULL, NULL, NULL),
(2, 44, 1, 24, '1799OLI', '2017-05-19 05:46:33', 1835451521),
(2, 45, 1, 23, '3133BPJ', '2017-05-19 07:41:32', NULL),
(2, 46, 1, 20, '2733LDH', '2017-05-19 06:11:08', NULL),
(2, 47, 1, 22, '9558SZS', '2017-05-19 07:25:52', NULL),
(2, 48, 1, 18, NULL, NULL, NULL),
(2, 49, 1, 18, '9145HPY', '2017-05-19 07:34:43', NULL),
(2, 50, 1, 16, NULL, NULL, NULL),
(2, 51, 1, 22, NULL, NULL, NULL),
(2, 52, 1, 20, NULL, NULL, NULL),
(2, 53, 1, 15, '1477OYO', '2017-05-19 12:08:05', NULL),
(2, 54, 1, 23, '2375XNR', '2017-05-19 12:26:46', NULL),
(2, 55, 1, 14, NULL, NULL, NULL),
(2, 56, 1, 13, '1872XAZ', '2017-05-19 12:50:22', NULL),
(2, 57, 1, 18, NULL, NULL, NULL),
(2, 58, 1, 20, '2030CFT', '2017-05-19 12:55:17', NULL),
(2, 59, 1, 23, '2188PME', '2017-05-19 10:23:51', 1746450206),
(2, 60, 1, 19, NULL, NULL, NULL),
(2, 61, 1, 14, NULL, NULL, NULL),
(2, 62, 1, 21, NULL, NULL, NULL),
(2, 63, 1, 20, '2313EPI', '2017-05-19 08:47:16', NULL),
(2, 64, 1, 18, '5257AMX', '2017-05-19 07:25:31', 1624882029),
(2, 65, 1, 15, '3259PQA', '2017-05-19 11:10:20', 1322996118),
(2, 66, 1, 18, '6405OPK', '2017-05-19 12:53:46', NULL),
(2, 67, 1, 17, '7470QZO', '2017-05-19 09:10:01', NULL),
(2, 68, 1, 14, NULL, NULL, NULL),
(2, 69, 1, 20, NULL, NULL, NULL),
(2, 70, 1, 12, '2576CNR', '2017-05-19 05:35:44', 1214202698),
(2, 71, 1, 22, NULL, NULL, NULL),
(2, 72, 1, 15, '3642GWB', '2017-05-19 10:59:42', NULL),
(2, 73, 1, 21, NULL, NULL, NULL),
(2, 74, 1, 23, '5092DOE', '2017-05-19 08:33:55', NULL),
(2, 75, 1, 15, NULL, NULL, NULL),
(2, 76, 1, 24, NULL, NULL, NULL),
(2, 77, 1, 18, '1298YXX', '2017-05-19 06:08:34', NULL),
(2, 78, 1, 18, NULL, NULL, NULL),
(2, 79, 1, 23, '9617TXD', '2017-05-19 08:16:01', 1883358722),
(2, 80, 1, 19, '0287FXK', '2017-05-19 07:23:10', NULL),
(2, 81, 1, 17, '2815VJY', '2017-05-19 08:21:34', NULL),
(2, 82, 1, 15, '7054PGW', '2017-05-19 07:22:12', NULL),
(2, 83, 1, 20, '6517FKY', '2017-05-19 09:04:12', NULL),
(2, 84, 1, 17, NULL, NULL, NULL),
(2, 85, 1, 17, NULL, NULL, NULL),
(2, 86, 1, 18, NULL, NULL, NULL),
(2, 87, 1, 16, NULL, NULL, NULL),
(2, 88, 1, 20, '6253RVR', '2017-05-19 10:35:39', 1488461591),
(2, 89, 1, 22, '6328OQH', '2017-05-19 09:32:49', NULL),
(2, 90, 1, 19, '4899NCE', '2017-05-19 09:13:03', NULL),
(2, 91, 1, 22, '9427YQY', '2017-05-19 05:43:52', NULL),
(2, 92, 1, 15, '5821YAC', '2017-05-19 07:19:49', NULL),
(2, 93, 1, 22, '3690LEW', '2017-05-19 13:17:58', 1537488091),
(2, 94, 1, 20, '1598EAI', '2017-05-19 08:08:36', 1899927973),
(2, 95, 1, 12, NULL, NULL, NULL),
(2, 96, 1, 13, '2627EBJ', '2017-05-19 10:59:42', 1941162748),
(2, 97, 1, 23, '6016VVE', '2017-05-19 07:27:02', 1463487185),
(2, 98, 1, 22, NULL, NULL, NULL),
(2, 99, 1, 21, NULL, NULL, NULL),
(2, 100, 2, 21, NULL, NULL, NULL),
(2, 101, 2, 13, '1634EMH', '2017-05-19 09:52:02', NULL),
(2, 102, 2, 12, NULL, NULL, NULL),
(2, 103, 2, 16, '5313ODP', '2017-05-19 06:51:27', NULL),
(2, 104, 2, 14, '1505TLK', '2017-05-19 09:16:59', NULL),
(2, 105, 2, 19, NULL, NULL, NULL),
(2, 106, 2, 23, NULL, NULL, NULL),
(2, 107, 2, 16, '3039OXA', '2017-05-19 12:52:19', 1981631941),
(2, 108, 2, 14, '7298IPD', '2017-05-19 10:47:27', 1281422366),
(2, 109, 2, 21, '6385VCG', '2017-05-19 12:14:08', NULL),
(2, 110, 2, 21, NULL, NULL, NULL),
(2, 111, 2, 20, NULL, NULL, NULL),
(2, 112, 2, 17, NULL, NULL, NULL),
(2, 113, 2, 17, '0875ZOM', '2017-05-19 11:35:22', 1918503975),
(2, 114, 2, 23, NULL, NULL, NULL),
(2, 115, 2, 20, NULL, NULL, NULL),
(2, 116, 2, 18, NULL, NULL, NULL),
(2, 117, 2, 21, NULL, NULL, NULL),
(2, 118, 2, 16, '6850ETQ', '2017-05-19 06:20:55', NULL),
(2, 119, 2, 19, '9953FZL', '2017-05-19 13:16:55', 1164516786),
(2, 120, 2, 17, '1867NKK', '2017-05-19 07:50:27', NULL),
(2, 121, 2, 23, '0257BPP', '2017-05-19 06:55:08', 1339261697),
(2, 122, 2, 24, NULL, NULL, NULL),
(2, 123, 2, 13, NULL, NULL, NULL),
(2, 124, 2, 13, NULL, NULL, NULL),
(2, 125, 2, 21, NULL, NULL, NULL),
(2, 126, 2, 23, NULL, NULL, NULL),
(2, 127, 2, 18, NULL, NULL, NULL),
(2, 128, 2, 18, '2368TOY', '2017-05-19 07:46:31', NULL),
(2, 129, 2, 16, '1633SOI', '2017-05-19 08:09:08', 1170386414),
(2, 130, 2, 13, '3412RNU', '2017-05-19 06:41:49', NULL),
(2, 131, 2, 19, NULL, NULL, NULL),
(2, 132, 2, 20, NULL, NULL, NULL),
(2, 133, 2, 23, NULL, NULL, NULL),
(2, 134, 2, 15, '8568UBE', '2017-05-19 07:30:47', 1312966903),
(2, 135, 2, 12, '1644BRN', '2017-05-19 06:46:32', 1763633272),
(2, 136, 2, 23, '0627UHD', '2017-05-19 07:17:55', 1627732760),
(2, 137, 2, 22, '8109MHX', '2017-05-19 10:41:33', NULL),
(2, 138, 2, 23, NULL, NULL, NULL),
(2, 139, 2, 18, NULL, NULL, NULL),
(2, 140, 2, 13, '5567GNO', '2017-05-19 06:29:02', NULL),
(2, 141, 2, 16, NULL, NULL, NULL),
(2, 142, 2, 15, NULL, NULL, NULL),
(2, 143, 2, 19, '3771JYL', '2017-05-19 08:53:23', NULL),
(2, 144, 2, 21, '1941VYP', '2017-05-19 10:10:05', NULL),
(2, 145, 2, 16, NULL, NULL, NULL),
(2, 146, 2, 13, NULL, NULL, NULL),
(2, 147, 2, 20, '4028LDL', '2017-05-19 12:55:10', NULL),
(2, 148, 2, 17, '1013FLF', '2017-05-19 09:43:32', NULL),
(2, 149, 2, 13, NULL, NULL, NULL),
(2, 150, 2, 22, '7262BME', '2017-05-19 11:13:01', NULL),
(2, 151, 2, 13, NULL, NULL, NULL),
(2, 152, 2, 13, '1827EPE', '2017-05-19 12:25:43', 1765984657),
(2, 153, 2, 24, NULL, NULL, NULL),
(2, 154, 2, 17, NULL, NULL, NULL),
(2, 155, 2, 22, NULL, NULL, NULL),
(2, 156, 2, 13, '5937FSU', '2017-05-19 06:35:10', NULL),
(2, 157, 2, 24, NULL, NULL, NULL),
(2, 158, 2, 20, '6228CGH', '2017-05-19 12:56:07', NULL),
(2, 159, 2, 20, '0633ZGH', '2017-05-19 07:40:43', NULL),
(2, 160, 2, 17, NULL, NULL, NULL),
(2, 161, 2, 20, '9017KSA', '2017-05-19 09:39:28', NULL),
(2, 162, 2, 19, '5731YFB', '2017-05-19 07:47:30', 1830976764),
(2, 163, 2, 14, NULL, NULL, NULL),
(2, 164, 2, 16, '2111QDY', '2017-05-19 06:56:04', NULL),
(2, 165, 2, 14, '4887MUA', '2017-05-19 08:43:25', NULL),
(2, 166, 2, 14, NULL, NULL, NULL),
(2, 167, 2, 22, NULL, NULL, NULL),
(2, 168, 2, 18, '8271DUQ', '2017-05-19 09:57:31', NULL),
(2, 169, 2, 24, '2072KQU', '2017-05-19 05:58:21', NULL),
(2, 170, 2, 17, '5996BUX', '2017-05-19 08:54:02', NULL),
(2, 171, 2, 23, '0684ZEI', '2017-05-19 12:02:32', 1809808940),
(2, 172, 2, 17, NULL, NULL, NULL),
(2, 173, 2, 22, '9661CRL', '2017-05-19 07:42:35', NULL),
(2, 174, 2, 19, NULL, NULL, NULL),
(2, 175, 2, 21, NULL, NULL, NULL),
(2, 176, 2, 21, NULL, NULL, NULL),
(2, 177, 2, 13, '4440ZUM', '2017-05-19 08:26:19', 1302774008),
(2, 178, 2, 23, NULL, NULL, NULL),
(2, 179, 2, 16, NULL, NULL, NULL),
(2, 180, 2, 12, '9548UQF', '2017-05-19 06:51:19', NULL),
(2, 181, 2, 18, '6538QEQ', '2017-05-19 09:33:46', 1178634250),
(2, 182, 2, 13, '4954TCN', '2017-05-19 06:39:40', 1370202384),
(2, 183, 2, 19, NULL, NULL, NULL),
(2, 184, 2, 20, '3183TIV', '2017-05-19 06:07:46', 1494641745),
(2, 185, 2, 17, NULL, NULL, NULL),
(2, 186, 2, 22, NULL, NULL, NULL),
(2, 187, 2, 16, '2956AIJ', '2017-05-19 06:37:44', 1305758099),
(2, 188, 2, 14, '8770XMO', '2017-05-19 13:01:11', NULL),
(2, 189, 2, 16, NULL, NULL, NULL),
(2, 190, 2, 21, NULL, NULL, NULL),
(2, 191, 2, 14, NULL, NULL, NULL),
(2, 192, 2, 16, NULL, NULL, NULL),
(2, 193, 2, 16, '9622DRT', '2017-05-19 10:48:49', 1056943109),
(2, 194, 2, 21, '0835DEQ', '2017-05-19 08:19:40', NULL),
(2, 195, 2, 24, NULL, NULL, NULL),
(2, 196, 2, 23, NULL, NULL, NULL),
(2, 197, 2, 15, '5911KBG', '2017-05-19 11:30:38', 1832961382),
(2, 198, 2, 16, '4755LKP', '2017-05-19 06:08:11', NULL),
(2, 199, 2, 17, NULL, NULL, NULL),
(2, 200, 3, 21, '8883NGZ', '2017-05-19 09:52:23', NULL),
(2, 201, 3, 13, NULL, NULL, NULL),
(2, 202, 3, 23, '6669CVU', '2017-05-19 09:25:50', 1273908619),
(2, 203, 3, 20, '6678ZFA', '2017-05-19 05:57:10', 1969272401),
(2, 204, 3, 20, '6023LIG', '2017-05-19 11:26:47', NULL),
(2, 205, 3, 16, NULL, NULL, NULL),
(2, 206, 3, 22, NULL, NULL, NULL),
(2, 207, 3, 17, NULL, NULL, NULL),
(2, 208, 3, 24, '8251ZPN', '2017-05-19 11:19:13', NULL),
(2, 209, 3, 21, NULL, NULL, NULL),
(2, 210, 3, 23, '1734AKX', '2017-05-19 07:52:07', NULL),
(2, 211, 3, 24, NULL, NULL, NULL),
(2, 212, 3, 14, '7170NZQ', '2017-05-19 08:48:28', NULL),
(2, 213, 3, 14, '0460CQN', '2017-05-19 12:30:28', 1898135545),
(2, 214, 3, 17, '4339YKB', '2017-05-19 11:11:03', NULL),
(2, 215, 3, 19, '1985OZM', '2017-05-19 05:59:04', NULL),
(2, 216, 3, 15, '1253EHY', '2017-05-19 07:21:43', NULL),
(2, 217, 3, 15, NULL, NULL, NULL),
(2, 218, 3, 20, NULL, NULL, NULL),
(2, 219, 3, 19, NULL, NULL, NULL),
(2, 220, 3, 20, NULL, NULL, NULL),
(2, 221, 3, 20, '9890FOF', '2017-05-19 06:55:07', 1594285460),
(2, 222, 3, 20, NULL, NULL, NULL),
(2, 223, 3, 24, '7183BGF', '2017-05-19 10:34:34', NULL),
(2, 224, 3, 20, NULL, NULL, NULL),
(2, 225, 3, 13, '7320NQD', '2017-05-19 08:14:03', NULL),
(2, 226, 3, 19, NULL, NULL, NULL),
(2, 227, 3, 23, '5403JDF', '2017-05-19 12:34:16', 1494032023),
(2, 228, 3, 17, NULL, NULL, NULL),
(2, 229, 3, 19, NULL, NULL, NULL),
(2, 230, 3, 19, '1386ZCU', '2017-05-19 10:12:03', 1653023508),
(2, 231, 3, 24, '3902CWZ', '2017-05-19 08:01:37', NULL),
(2, 232, 3, 12, NULL, NULL, NULL),
(2, 233, 3, 17, NULL, NULL, NULL),
(2, 234, 3, 14, NULL, NULL, NULL),
(2, 235, 3, 21, NULL, NULL, NULL),
(2, 236, 3, 16, '5679SOK', '2017-05-19 09:56:52', NULL),
(2, 237, 3, 12, '9807CJF', '2017-05-19 07:47:30', 1515280588),
(2, 238, 3, 17, '7502EVY', '2017-05-19 09:26:54', NULL),
(2, 239, 3, 12, '0604PVL', '2017-05-19 09:29:01', NULL),
(2, 240, 3, 21, '2551ZMJ', '2017-05-19 05:56:23', NULL),
(2, 241, 3, 23, '3255DDC', '2017-05-19 10:42:32', NULL),
(2, 242, 3, 21, NULL, NULL, NULL),
(2, 243, 3, 23, NULL, NULL, NULL),
(2, 244, 3, 24, NULL, NULL, NULL),
(2, 245, 3, 20, NULL, NULL, NULL),
(2, 246, 3, 14, '2845QHT', '2017-05-19 09:52:02', NULL),
(2, 247, 3, 14, NULL, NULL, NULL),
(2, 248, 3, 18, '8216BTF', '2017-05-19 10:52:22', 1509188984),
(2, 249, 3, 24, '5858EQZ', '2017-05-19 07:28:22', NULL),
(2, 250, 3, 18, '5320UQV', '2017-05-27 15:46:30', 1712704381),
(2, 251, 3, 17, NULL, NULL, NULL),
(2, 252, 3, 19, '7317PFN', '2017-05-19 12:12:01', NULL),
(2, 253, 3, 14, NULL, NULL, NULL),
(2, 254, 3, 17, NULL, NULL, NULL),
(2, 255, 3, 15, '6656QTI', '2017-05-19 10:01:14', NULL),
(2, 256, 3, 24, '4386OBJ', '2017-05-19 12:11:02', NULL),
(2, 257, 3, 21, NULL, NULL, NULL),
(2, 258, 3, 17, '0185DFE', '2017-05-19 09:35:40', NULL),
(2, 259, 3, 16, '4397RHV', '2017-05-19 12:33:39', NULL),
(2, 260, 3, 23, '3435PCS', '2017-05-19 10:56:48', 1683873218),
(2, 261, 3, 21, '5835NQB', '2017-05-19 06:31:56', NULL),
(2, 262, 3, 20, '2581CCX', '2017-05-19 10:23:56', NULL),
(2, 263, 3, 14, NULL, NULL, NULL),
(2, 264, 3, 20, NULL, NULL, NULL),
(2, 265, 3, 24, '1595KXO', '2017-05-19 13:15:56', NULL),
(2, 266, 3, 12, '4620SRF', '2017-05-19 09:07:34', NULL),
(2, 267, 3, 12, '7653YQJ', '2017-05-19 07:35:44', NULL),
(2, 268, 3, 19, '8154CMR', '2017-05-19 05:53:26', NULL),
(2, 269, 3, 22, '8823DHH', '2017-05-19 08:12:05', 1737387004),
(2, 270, 3, 22, NULL, NULL, NULL),
(2, 271, 3, 12, NULL, NULL, NULL),
(2, 272, 3, 20, '7925DFH', '2017-05-19 11:27:46', NULL),
(2, 273, 3, 22, '9897YKV', '2017-05-19 10:33:36', NULL),
(2, 274, 3, 13, NULL, NULL, NULL),
(2, 275, 3, 16, NULL, NULL, NULL),
(2, 276, 3, 24, '1348GJC', '2017-05-19 10:09:26', NULL),
(2, 277, 3, 18, '2513HGJ', '2017-05-19 12:46:37', NULL),
(2, 278, 3, 18, NULL, NULL, NULL),
(2, 279, 3, 24, NULL, NULL, NULL),
(2, 280, 3, 16, '7533FGC', '2017-05-19 08:13:26', 1117295396),
(2, 281, 3, 14, '3285CZU', '2017-05-19 13:14:10', NULL),
(2, 282, 3, 19, NULL, NULL, NULL),
(2, 283, 3, 24, '1773QSU', '2017-05-19 10:24:50', 1438052930),
(2, 284, 3, 13, '9446NGA', '2017-05-19 12:11:14', 1785957360),
(2, 285, 3, 24, NULL, NULL, NULL),
(2, 286, 3, 22, NULL, NULL, NULL),
(2, 287, 3, 17, NULL, NULL, NULL),
(2, 288, 3, 23, '8919OZU', '2017-05-19 13:05:07', NULL),
(2, 289, 3, 14, NULL, NULL, NULL),
(2, 290, 3, 19, '9150GEC', '2017-05-19 07:32:45', NULL),
(2, 291, 3, 22, NULL, NULL, NULL),
(2, 292, 3, 24, '1586WRQ', '2017-05-19 08:59:34', 1297280939),
(2, 293, 3, 16, '8055NGK', '2017-05-19 05:44:34', NULL),
(2, 294, 3, 14, NULL, NULL, NULL),
(2, 295, 3, 21, NULL, NULL, NULL),
(2, 296, 3, 24, '1681EQA', '2017-05-19 12:15:06', NULL),
(2, 297, 3, 24, '0040XVH', '2017-05-19 07:19:18', NULL),
(2, 298, 3, 19, '5238CRK', '2017-05-19 12:50:22', 1680720389),
(2, 299, 3, 12, NULL, NULL, NULL),
(2, 300, 4, 23, NULL, NULL, NULL),
(2, 301, 4, 19, NULL, NULL, NULL),
(2, 302, 4, 21, NULL, NULL, NULL),
(2, 303, 4, 18, '7678FMP', '2017-05-19 07:54:58', NULL),
(2, 304, 4, 15, '0952QLX', '2017-05-19 12:03:52', 1446073807),
(2, 305, 4, 18, NULL, NULL, NULL),
(2, 306, 4, 16, '9148CYS', '2017-05-19 09:44:18', 1226212404),
(2, 307, 4, 23, NULL, NULL, NULL),
(2, 308, 4, 19, NULL, NULL, NULL),
(2, 309, 4, 22, '8880BBW', '2017-05-19 05:46:30', NULL),
(2, 310, 4, 23, '4172FEX', '2017-05-19 05:55:16', NULL),
(2, 311, 4, 20, '8278QHJ', '2017-05-19 11:05:09', 1922957318),
(2, 312, 4, 20, NULL, NULL, NULL),
(2, 313, 4, 15, '2222AKV', '2017-05-19 11:29:40', NULL),
(2, 314, 4, 23, NULL, NULL, NULL),
(2, 315, 4, 14, NULL, NULL, NULL),
(2, 316, 4, 17, NULL, NULL, NULL),
(2, 317, 4, 24, NULL, NULL, NULL),
(2, 318, 4, 22, NULL, NULL, NULL),
(2, 319, 4, 22, '6766VQQ', '2017-05-19 11:27:47', 1574517570),
(2, 320, 4, 24, NULL, NULL, NULL),
(2, 321, 4, 15, '3470JNM', '2017-05-19 07:00:50', NULL),
(2, 322, 4, 15, NULL, NULL, NULL),
(2, 323, 4, 20, NULL, NULL, NULL),
(2, 324, 4, 22, NULL, NULL, NULL),
(2, 325, 4, 14, NULL, NULL, NULL),
(2, 326, 4, 18, NULL, NULL, NULL),
(2, 327, 4, 12, '9216XLI', '2017-05-19 06:00:03', 1867541671),
(2, 328, 4, 22, '8747PQE', '2017-05-19 10:02:17', 1141609415),
(2, 329, 4, 19, '7619EJQ', '2017-05-19 07:34:44', NULL),
(2, 330, 4, 20, '1605CTB', '2017-05-19 12:31:33', NULL),
(2, 331, 4, 23, '8597LMB', '2017-05-19 12:07:41', 1310382163),
(2, 332, 4, 22, NULL, NULL, NULL),
(2, 333, 4, 16, '3829UEP', '2017-05-19 10:25:53', NULL),
(2, 334, 4, 12, '1211HHD', '2017-05-19 06:00:59', NULL),
(2, 335, 4, 14, '4520FKZ', '2017-05-19 09:46:30', 1778395258),
(2, 336, 4, 19, NULL, NULL, NULL),
(2, 337, 4, 12, NULL, NULL, NULL),
(2, 338, 4, 24, '3927IHH', '2017-05-19 12:40:56', NULL),
(2, 339, 4, 12, '9476ZEL', '2017-05-19 09:13:23', 1498723663),
(2, 340, 4, 18, NULL, NULL, NULL),
(2, 341, 4, 14, NULL, NULL, NULL),
(2, 342, 4, 23, '2676WGU', '2017-05-19 07:27:03', 1069577218),
(2, 343, 4, 16, '6910VQD', '2017-05-19 06:56:23', 1057945106),
(2, 344, 4, 15, '7989EBZ', '2017-05-19 10:31:41', NULL),
(2, 345, 4, 19, '4509AFW', '2017-05-19 09:06:11', NULL),
(2, 346, 4, 15, NULL, NULL, NULL),
(2, 347, 4, 21, '5927XOH', '2017-05-19 06:33:46', NULL),
(2, 348, 4, 24, NULL, NULL, NULL),
(2, 349, 4, 23, NULL, NULL, NULL),
(2, 350, 4, 12, NULL, NULL, NULL),
(2, 351, 4, 19, '0323OJO', '2017-05-19 12:08:38', NULL),
(2, 352, 4, 19, '8500BGM', '2017-05-19 09:00:32', 1473539651),
(2, 353, 4, 24, NULL, NULL, NULL),
(2, 354, 4, 22, NULL, NULL, NULL),
(2, 355, 4, 15, '8722EGM', '2017-05-19 12:15:17', NULL),
(2, 356, 4, 13, NULL, NULL, NULL),
(2, 357, 4, 21, NULL, NULL, NULL),
(2, 358, 4, 17, '3028KFD', '2017-05-19 09:50:53', 1622726446),
(2, 359, 4, 14, NULL, NULL, NULL),
(2, 360, 4, 20, NULL, NULL, NULL),
(2, 361, 4, 13, NULL, NULL, NULL),
(2, 362, 4, 16, NULL, NULL, NULL),
(2, 363, 4, 23, '9481ADZ', '2017-05-19 11:28:46', NULL),
(2, 364, 4, 24, NULL, NULL, NULL),
(2, 365, 4, 22, '4050SIZ', '2017-05-19 06:23:47', NULL),
(2, 366, 4, 23, '7745HQJ', '2017-05-19 06:16:11', 1225568347),
(2, 367, 4, 20, NULL, NULL, NULL),
(2, 368, 4, 24, NULL, NULL, NULL),
(2, 369, 4, 23, NULL, NULL, NULL),
(2, 370, 4, 16, '7462KMT', '2017-05-19 09:29:02', NULL),
(2, 371, 4, 23, NULL, NULL, NULL),
(2, 372, 4, 21, NULL, NULL, NULL),
(2, 373, 4, 23, '9590YXH', '2017-05-19 06:42:35', NULL),
(2, 374, 4, 16, NULL, NULL, NULL),
(2, 375, 4, 20, '0528TFO', '2017-05-19 07:54:02', NULL),
(2, 376, 4, 18, NULL, NULL, NULL),
(2, 377, 4, 13, '8588OIM', '2017-05-19 10:32:39', NULL),
(2, 378, 4, 17, NULL, NULL, NULL),
(2, 379, 4, 22, '1748FKC', '2017-05-19 07:14:05', NULL),
(2, 380, 4, 16, '9436ORF', '2017-05-19 06:57:02', NULL),
(2, 381, 4, 20, NULL, NULL, NULL),
(2, 382, 4, 19, NULL, NULL, NULL),
(2, 383, 4, 20, '2684YDB', '2017-05-19 09:24:17', NULL),
(2, 384, 4, 24, '9795BOU', '2017-05-19 11:12:17', NULL),
(2, 385, 4, 16, '5361LHP', '2017-05-19 11:31:37', NULL),
(2, 386, 4, 22, NULL, NULL, NULL),
(2, 387, 4, 15, NULL, NULL, NULL),
(2, 388, 4, 16, NULL, NULL, NULL),
(2, 389, 4, 14, '4173KEX', '2017-05-19 11:28:43', NULL),
(2, 390, 4, 13, NULL, NULL, NULL),
(2, 391, 4, 14, NULL, NULL, NULL),
(2, 392, 4, 12, NULL, NULL, NULL),
(2, 393, 4, 12, '4180XZG', '2017-05-19 08:37:37', 1291355238),
(2, 394, 4, 24, NULL, NULL, NULL),
(2, 395, 4, 15, '9511JHM', '2017-05-19 10:48:50', NULL),
(2, 396, 4, 16, '0769YYW', '2017-05-19 12:15:58', NULL),
(2, 397, 4, 21, NULL, NULL, NULL),
(2, 398, 4, 22, NULL, NULL, NULL),
(2, 399, 4, 21, '5204DEQ', '2017-05-19 09:41:23', NULL),
(2, 400, 5, 19, '8139MTA', '2017-05-19 10:16:13', NULL),
(2, 401, 5, 17, NULL, NULL, NULL),
(2, 402, 5, 24, NULL, NULL, NULL),
(2, 403, 5, 18, NULL, NULL, NULL),
(2, 404, 5, 23, '6709WJE', '2017-05-19 12:21:52', NULL),
(2, 405, 5, 24, '9751IBR', '2017-05-19 12:25:44', NULL),
(2, 406, 5, 13, NULL, NULL, NULL),
(2, 407, 5, 16, '6726VLT', '2017-05-19 13:16:05', NULL),
(2, 408, 5, 17, NULL, NULL, NULL),
(2, 409, 5, 12, NULL, NULL, NULL),
(2, 410, 5, 18, '9045ZHN', '2017-05-19 08:50:05', NULL),
(2, 411, 5, 15, NULL, NULL, NULL),
(2, 412, 5, 16, NULL, NULL, NULL),
(2, 413, 5, 15, NULL, NULL, NULL),
(2, 414, 5, 21, '3718SFZ', '2017-05-19 12:17:03', NULL),
(2, 415, 5, 16, '5671TFW', '2017-05-19 10:00:45', NULL),
(2, 416, 5, 21, '8714LUA', '2017-05-19 06:21:58', 1561623576),
(2, 417, 5, 23, NULL, NULL, NULL),
(2, 418, 5, 23, '6599WXQ', '2017-05-19 12:42:11', 1054387110),
(2, 419, 5, 22, NULL, NULL, NULL),
(2, 420, 5, 21, NULL, NULL, NULL),
(2, 421, 5, 17, '8584YVY', '2017-05-19 08:30:47', 1530699180),
(2, 422, 5, 20, NULL, NULL, NULL),
(2, 423, 5, 13, NULL, NULL, NULL),
(2, 424, 5, 15, '9518MJH', '2017-05-19 06:39:56', NULL),
(2, 425, 5, 22, '6208PCR', '2017-05-19 06:14:17', NULL),
(2, 426, 5, 12, '8285EJU', '2017-05-19 09:48:59', 1597890361),
(2, 427, 5, 12, '6139RWR', '2017-05-19 13:04:09', 1760152278),
(2, 428, 5, 13, '8001WLA', '2017-05-19 06:44:31', 1916632271),
(2, 429, 5, 16, '8922FUQ', '2017-05-19 08:23:07', NULL),
(2, 430, 5, 20, NULL, NULL, NULL),
(2, 431, 5, 12, '3879ERG', '2017-05-19 06:17:03', 1975263805),
(2, 432, 5, 19, '4685RMI', '2017-05-19 08:54:23', NULL),
(2, 433, 5, 15, '6135LNP', '2017-05-19 12:01:35', NULL),
(2, 434, 5, 24, '0879GCJ', '2017-05-19 05:55:25', 1890522269),
(2, 435, 5, 15, '9243BHY', '2017-05-19 12:28:35', 1956771566),
(2, 436, 5, 20, NULL, NULL, NULL),
(2, 437, 5, 15, NULL, NULL, NULL),
(2, 438, 5, 14, NULL, NULL, NULL),
(2, 439, 5, 24, '7589IIK', '2017-05-19 10:22:59', 1904072075),
(2, 440, 5, 12, '8760LAG', '2017-05-19 05:51:29', NULL),
(2, 441, 5, 23, NULL, NULL, NULL),
(2, 442, 5, 12, '4772RQW', '2017-05-19 09:43:33', 1590788763),
(2, 443, 5, 13, NULL, NULL, NULL),
(2, 444, 5, 19, '6853CFR', '2017-05-19 10:29:46', NULL),
(2, 445, 5, 22, '6756XIC', '2017-05-19 06:54:11', 1531262752),
(2, 446, 5, 19, NULL, NULL, NULL),
(2, 447, 5, 20, '0097TDL', '2017-05-19 12:00:14', NULL),
(2, 448, 5, 17, NULL, NULL, NULL),
(2, 449, 5, 14, NULL, NULL, NULL),
(2, 450, 5, 13, NULL, NULL, NULL),
(2, 451, 5, 15, '8176WPA', '2017-05-19 07:21:57', 1115542630),
(2, 452, 5, 16, '0907DQV', '2017-05-19 07:13:11', 1801847309),
(2, 453, 5, 12, NULL, NULL, NULL),
(2, 454, 5, 21, NULL, NULL, NULL),
(2, 455, 5, 14, '7810JRB', '2017-05-19 08:18:59', 1125070756),
(2, 456, 5, 24, '7121LHZ', '2017-05-19 09:08:33', NULL),
(2, 457, 5, 22, '8695UIC', '2017-05-19 06:19:01', 1150993474),
(2, 458, 5, 14, '2045NUD', '2017-05-19 09:40:26', NULL),
(2, 459, 5, 24, NULL, NULL, NULL),
(2, 460, 5, 13, NULL, NULL, NULL),
(2, 461, 5, 18, NULL, NULL, NULL),
(2, 462, 5, 21, '0680TBI', '2017-05-19 07:25:32', 1859075869),
(2, 463, 5, 22, '4850PAR', '2017-05-19 06:29:29', NULL),
(2, 464, 5, 18, NULL, NULL, NULL),
(2, 465, 5, 17, '7541ZXM', '2017-05-19 12:16:05', NULL),
(2, 466, 5, 21, '3329DJB', '2017-05-19 06:48:29', NULL),
(2, 467, 5, 12, NULL, NULL, NULL),
(2, 468, 5, 20, NULL, NULL, NULL),
(2, 469, 5, 19, NULL, NULL, NULL),
(2, 470, 5, 23, '9875UKU', '2017-05-19 07:54:07', NULL),
(2, 471, 5, 17, '5663MAK', '2017-05-19 09:06:14', NULL),
(2, 472, 5, 22, '6249LNW', '2017-05-19 10:03:13', 1570342751),
(2, 473, 5, 20, NULL, NULL, NULL),
(2, 474, 5, 19, NULL, NULL, NULL),
(2, 475, 5, 16, '3163SCF', '2017-05-19 08:47:14', NULL),
(2, 476, 5, 16, NULL, NULL, NULL),
(2, 477, 5, 20, NULL, NULL, NULL),
(2, 478, 5, 14, NULL, NULL, NULL),
(2, 479, 5, 18, NULL, NULL, NULL),
(2, 480, 5, 20, '9338GLQ', '2017-05-19 10:33:37', NULL),
(2, 481, 5, 12, NULL, NULL, NULL),
(2, 482, 5, 23, NULL, NULL, NULL),
(2, 483, 5, 17, '4678CNS', '2017-05-19 11:30:38', NULL),
(2, 484, 5, 18, NULL, NULL, NULL),
(2, 485, 5, 12, NULL, NULL, NULL),
(2, 486, 5, 21, '4663IOR', '2017-05-19 06:58:03', 1822317750),
(2, 487, 5, 17, NULL, NULL, NULL),
(2, 488, 5, 13, '8034OGG', '2017-05-19 10:43:17', 1757785975),
(2, 489, 5, 13, '7380XTV', '2017-05-19 06:44:41', NULL),
(2, 490, 5, 18, '5771SNA', '2017-05-19 12:54:45', NULL),
(2, 491, 5, 18, '0911XFG', '2017-05-19 07:00:57', 1570158198),
(2, 492, 5, 18, NULL, NULL, NULL),
(2, 493, 5, 15, NULL, NULL, NULL),
(2, 494, 5, 12, NULL, NULL, NULL),
(2, 495, 5, 14, '9785XFQ', '2017-05-19 10:49:47', NULL),
(2, 496, 5, 17, '2283GDH', '2017-05-19 05:41:41', NULL),
(2, 497, 5, 22, '6424BYL', '2017-05-19 11:50:35', NULL),
(2, 498, 5, 13, '5040LKG', '2017-05-19 09:24:59', 1445897290),
(2, 499, 5, 13, NULL, NULL, NULL),
(2, 500, 6, 18, NULL, NULL, NULL),
(2, 501, 6, 23, '4947SXQ', '2017-05-19 11:37:37', NULL),
(2, 502, 6, 16, NULL, NULL, NULL),
(2, 503, 6, 20, '8126OUB', '2017-05-19 10:46:29', NULL);
INSERT INTO `plazas` (`cod_garaje`, `num_plaza`, `num_planta`, `dimensiones`, `matricula`, `h_entrada`, `cod_ticket`) VALUES
(2, 504, 6, 13, '3622IKY', '2017-05-19 08:52:56', 1357193715),
(2, 505, 6, 16, NULL, NULL, NULL),
(2, 506, 6, 21, NULL, NULL, NULL),
(2, 507, 6, 13, '6824XQG', '2017-05-19 07:48:19', NULL),
(2, 508, 6, 21, NULL, NULL, NULL),
(2, 509, 6, 17, '2357FTO', '2017-05-19 13:06:21', 1794818445),
(2, 510, 6, 15, NULL, NULL, NULL),
(2, 511, 6, 22, '7763LAJ', '2017-05-19 10:29:50', 1205594438),
(2, 512, 6, 17, NULL, NULL, NULL),
(2, 513, 6, 16, NULL, NULL, NULL),
(2, 514, 6, 14, NULL, NULL, NULL),
(2, 515, 6, 22, '6053ZSB', '2017-05-19 07:19:19', NULL),
(2, 516, 6, 24, '4441LXF', '2017-05-19 12:26:47', NULL),
(2, 517, 6, 21, '9385QCS', '2017-05-19 11:04:33', NULL),
(2, 518, 6, 24, NULL, NULL, NULL),
(2, 519, 6, 14, NULL, NULL, NULL),
(2, 520, 6, 14, '5554KPZ', '2017-05-19 06:42:37', NULL),
(2, 521, 6, 19, NULL, NULL, NULL),
(2, 522, 6, 24, '3111BQZ', '2017-05-19 08:26:51', NULL),
(2, 523, 6, 19, NULL, NULL, NULL),
(2, 524, 6, 19, NULL, NULL, NULL),
(2, 525, 6, 16, '4164NGK', '2017-05-19 12:13:23', NULL),
(2, 526, 6, 23, '3216XLR', '2017-05-19 08:41:36', 1298141065),
(2, 527, 6, 16, '1286GJN', '2017-05-19 11:24:56', NULL),
(2, 528, 6, 23, NULL, NULL, NULL),
(2, 529, 6, 12, NULL, NULL, NULL),
(2, 530, 6, 14, '3047XOQ', '2017-05-19 05:29:51', NULL),
(2, 531, 6, 17, '3434HKF', '2017-05-19 07:49:29', NULL),
(2, 532, 6, 21, '8471OYQ', '2017-05-19 10:21:03', NULL),
(2, 533, 6, 17, NULL, NULL, NULL),
(2, 534, 6, 15, '1788TYJ', '2017-05-19 06:52:15', 1580267146),
(2, 535, 6, 12, '2097DJG', '2017-05-19 10:54:32', 1580880623),
(2, 536, 6, 23, NULL, NULL, NULL),
(2, 537, 6, 19, '1891HUM', '2017-05-19 10:52:57', NULL),
(2, 538, 6, 21, NULL, NULL, NULL),
(2, 539, 6, 19, NULL, NULL, NULL),
(2, 540, 6, 16, '5632MAT', '2017-05-19 10:15:01', 1259795930),
(2, 541, 6, 15, NULL, NULL, NULL),
(2, 542, 6, 18, NULL, NULL, NULL),
(2, 543, 6, 19, NULL, NULL, NULL),
(2, 544, 6, 19, NULL, NULL, NULL),
(2, 545, 6, 24, '1262CNO', '2017-05-19 05:52:19', NULL),
(2, 546, 6, 19, '9117AEZ', '2017-05-19 12:41:13', NULL),
(2, 547, 6, 12, '5836JUH', '2017-05-19 12:00:05', NULL),
(2, 548, 6, 17, '4161CPG', '2017-05-19 10:42:19', NULL),
(2, 549, 6, 13, '8016NFM', '2017-05-19 11:00:15', NULL),
(2, 550, 6, 12, '9371DFK', '2017-05-19 08:37:40', NULL),
(2, 551, 6, 21, NULL, NULL, NULL),
(2, 552, 6, 18, NULL, NULL, NULL),
(2, 553, 6, 12, '6627NAR', '2017-05-19 12:56:17', 1139487485),
(2, 554, 6, 18, NULL, NULL, NULL),
(2, 555, 6, 13, NULL, NULL, NULL),
(2, 556, 6, 17, '0800AVU', '2017-05-19 13:13:07', NULL),
(2, 557, 6, 15, '7340PJS', '2017-05-19 10:19:23', NULL),
(2, 558, 6, 23, NULL, NULL, NULL),
(2, 559, 6, 12, '8729MVH', '2017-05-19 06:42:37', NULL),
(2, 560, 6, 22, NULL, NULL, NULL),
(2, 561, 6, 24, NULL, NULL, NULL),
(2, 562, 6, 20, '8903OEQ', '2017-05-19 13:05:38', NULL),
(2, 563, 6, 14, NULL, NULL, NULL),
(2, 564, 6, 18, NULL, NULL, NULL),
(2, 565, 6, 15, '0639JGX', '2017-05-19 11:23:02', NULL),
(2, 566, 6, 18, '5066HXB', '2017-05-19 11:21:08', 1571462144),
(2, 567, 6, 17, '8537RPP', '2017-05-19 11:04:59', NULL),
(2, 568, 6, 19, '4758LNU', '2017-05-19 11:42:59', 1700207087),
(2, 569, 6, 21, NULL, NULL, NULL),
(2, 570, 6, 14, NULL, NULL, NULL),
(2, 571, 6, 21, NULL, NULL, NULL),
(2, 572, 6, 19, '0756HPY', '2017-05-19 07:20:58', 1476395587),
(2, 573, 6, 20, '9025JLP', '2017-05-19 10:48:50', 1184207754),
(2, 574, 6, 23, '6725OBF', '2017-05-19 11:10:05', NULL),
(2, 575, 6, 19, '3231NFH', '2017-05-19 07:09:10', NULL),
(2, 576, 6, 13, '3364KTA', '2017-05-19 10:55:20', 1662663882),
(2, 577, 6, 18, NULL, NULL, NULL),
(2, 578, 6, 23, '1993FBO', '2017-05-19 11:25:49', NULL),
(2, 579, 6, 19, NULL, NULL, NULL),
(2, 580, 6, 19, '4913RYD', '2017-05-19 08:18:59', 1825098455),
(2, 581, 6, 13, '5645CAM', '2017-05-19 09:28:51', 1866569559),
(2, 582, 6, 14, NULL, NULL, NULL),
(2, 583, 6, 19, '1095CID', '2017-05-19 08:55:01', NULL),
(2, 584, 6, 23, '0911DNG', '2017-05-19 07:33:45', 1523310111),
(2, 585, 6, 18, '4484YHY', '2017-05-19 10:51:24', 1911666690),
(2, 586, 6, 13, '1087GBA', '2017-05-19 08:20:57', 1944285035),
(2, 587, 6, 13, '9342MJP', '2017-05-19 08:30:08', NULL),
(2, 588, 6, 15, '4797LXF', '2017-05-19 08:24:53', NULL),
(2, 589, 6, 20, NULL, NULL, NULL),
(2, 590, 6, 18, NULL, NULL, NULL),
(2, 591, 6, 15, '5448APJ', '2017-05-19 07:57:50', NULL),
(2, 592, 6, 16, NULL, NULL, NULL),
(2, 593, 6, 20, '8858IDC', '2017-05-19 12:50:53', 1784598244),
(2, 594, 6, 17, NULL, NULL, NULL),
(2, 595, 6, 12, NULL, NULL, NULL),
(2, 596, 6, 14, '5382WBS', '2017-05-19 09:40:26', NULL),
(2, 597, 6, 19, NULL, NULL, NULL),
(2, 598, 6, 19, NULL, NULL, NULL),
(2, 599, 6, 16, '5695RVW', '2017-05-19 10:30:47', 1497316090),
(2, 600, 7, 16, '8325WHJ', '2017-05-19 08:10:11', 1349544677),
(3, 1, 1, 19, NULL, NULL, NULL),
(3, 2, 1, 22, '8535RZG', '2017-05-19 10:59:43', NULL),
(3, 3, 1, 16, '8775ARE', '2017-05-19 12:09:05', 1969203281),
(3, 4, 1, 18, NULL, NULL, NULL),
(3, 5, 1, 13, '0865TZO', '2017-05-19 13:13:00', 1115881004),
(3, 6, 1, 20, NULL, NULL, NULL),
(3, 7, 1, 22, NULL, NULL, NULL),
(3, 8, 1, 12, '0636CDK', '2017-05-19 11:28:43', NULL),
(3, 9, 1, 21, '6456OPE', '2017-05-19 11:47:27', NULL),
(3, 10, 1, 16, '7560DIM', '2017-05-19 06:01:59', NULL),
(3, 11, 1, 19, '5897AKR', '2017-05-19 09:50:53', NULL),
(3, 12, 1, 20, '3349XRF', '2017-05-19 09:58:29', NULL),
(3, 13, 1, 16, NULL, NULL, NULL),
(3, 14, 1, 17, '9539FJQ', '2017-05-19 09:58:29', 1984193745),
(3, 15, 1, 21, '2036HTQ', '2017-05-19 11:35:39', NULL),
(3, 16, 1, 13, '6764BGF', '2017-05-19 09:28:05', 1294406718),
(3, 17, 1, 20, NULL, NULL, NULL),
(3, 18, 1, 21, '0253NKG', '2017-05-19 10:32:39', 1090363873),
(3, 19, 1, 19, NULL, NULL, NULL),
(3, 20, 1, 15, NULL, NULL, NULL),
(3, 21, 1, 15, '4764IAZ', '2017-05-19 09:51:05', NULL),
(3, 22, 1, 15, NULL, NULL, NULL),
(3, 23, 1, 16, NULL, NULL, NULL),
(3, 24, 1, 21, '1768LVZ', '2017-05-19 06:38:02', NULL),
(3, 25, 1, 20, NULL, NULL, NULL),
(3, 26, 1, 22, NULL, NULL, NULL),
(3, 27, 1, 15, NULL, NULL, NULL),
(3, 28, 1, 13, '6147UDC', '2017-05-19 11:51:55', NULL),
(3, 29, 1, 19, '7110XXZ', '2017-05-19 09:42:23', 1181699217),
(3, 30, 1, 22, '5879VCJ', '2017-05-19 12:26:41', NULL),
(3, 31, 1, 16, '3163ORW', '2017-05-19 13:18:56', 1113507714),
(3, 32, 1, 20, '9204SIM', '2017-05-19 08:51:09', 1553132244),
(3, 33, 1, 20, NULL, NULL, NULL),
(3, 34, 1, 16, NULL, NULL, NULL),
(3, 35, 1, 21, NULL, NULL, NULL),
(3, 36, 1, 19, NULL, NULL, NULL),
(3, 37, 1, 22, '6011OOF', '2017-05-19 12:44:29', NULL),
(3, 38, 1, 23, '2484PIT', '2017-05-19 05:44:36', NULL),
(3, 39, 1, 13, NULL, NULL, NULL),
(3, 40, 1, 16, '4407WYP', '2017-05-19 10:49:47', 1974435996),
(3, 41, 1, 23, '2639OIK', '2017-05-19 11:34:26', NULL),
(3, 42, 1, 24, NULL, NULL, NULL),
(3, 43, 1, 21, NULL, NULL, NULL),
(3, 44, 1, 24, NULL, NULL, NULL),
(3, 45, 1, 14, '4944VQW', '2017-05-19 12:13:01', 1234996164),
(3, 46, 1, 20, '6223LKO', '2017-05-19 11:33:33', NULL),
(3, 47, 1, 24, '2205USX', '2017-05-19 11:47:44', NULL),
(3, 48, 1, 13, '6344IPA', '2017-05-19 13:13:59', 1822215650),
(3, 49, 1, 16, NULL, NULL, NULL),
(3, 50, 1, 12, '0257LYG', '2017-05-19 10:56:19', NULL),
(3, 51, 1, 21, NULL, NULL, NULL),
(3, 52, 1, 20, NULL, NULL, NULL),
(3, 53, 1, 24, '9797AAM', '2017-05-19 11:34:26', NULL),
(3, 54, 1, 22, NULL, NULL, NULL),
(3, 55, 1, 19, NULL, NULL, NULL),
(3, 56, 1, 22, NULL, NULL, NULL),
(3, 57, 1, 22, '9609IIE', '2017-05-19 09:33:43', 1917322738),
(3, 58, 1, 12, '8334HBB', '2017-05-19 12:45:41', NULL),
(3, 59, 1, 19, '8066OTX', '2017-05-19 08:11:07', NULL),
(3, 60, 1, 16, '1015LLU', '2017-05-19 11:52:22', NULL),
(3, 61, 1, 21, NULL, NULL, NULL),
(3, 62, 1, 17, '5857DCM', '2017-05-19 12:00:14', 1723021503),
(3, 63, 1, 21, '0838BEI', '2017-05-19 10:28:53', NULL),
(3, 64, 1, 22, NULL, NULL, NULL),
(3, 65, 1, 17, NULL, NULL, NULL),
(3, 66, 1, 21, '1752CMF', '2017-05-19 05:44:50', NULL),
(3, 67, 1, 12, '2696AVJ', '2017-05-19 09:15:02', 1572234821),
(3, 68, 1, 18, NULL, NULL, NULL),
(3, 69, 1, 13, NULL, NULL, NULL),
(3, 70, 1, 21, NULL, NULL, NULL),
(3, 71, 1, 14, '1922NXT', '2017-05-19 07:56:22', NULL),
(3, 72, 1, 20, '0095WQS', '2017-05-19 08:52:25', NULL),
(3, 73, 1, 18, NULL, NULL, NULL),
(3, 74, 1, 24, '6066JDB', '2017-05-19 11:09:23', NULL),
(3, 75, 1, 12, NULL, NULL, NULL),
(3, 76, 1, 14, NULL, NULL, NULL),
(3, 77, 1, 21, NULL, NULL, NULL),
(3, 78, 1, 12, '5824NFC', '2017-05-19 08:44:33', NULL),
(3, 79, 1, 18, NULL, NULL, NULL),
(3, 80, 1, 12, '0228NUE', '2017-05-19 09:24:59', NULL),
(3, 81, 1, 20, '5961DAR', '2017-05-19 10:36:31', NULL),
(3, 82, 1, 15, '1703JEE', '2017-05-19 12:07:07', 1331102256),
(3, 83, 1, 17, NULL, NULL, NULL),
(3, 84, 1, 16, NULL, NULL, NULL),
(3, 85, 1, 17, NULL, NULL, NULL),
(3, 86, 1, 19, '1795WAI', '2017-05-19 12:34:39', NULL),
(3, 87, 1, 22, NULL, NULL, NULL),
(3, 88, 1, 12, NULL, NULL, NULL),
(3, 89, 1, 22, NULL, NULL, NULL),
(3, 90, 1, 12, NULL, NULL, NULL),
(3, 91, 1, 16, '4805QRR', '2017-05-19 09:24:01', NULL),
(3, 92, 1, 19, NULL, NULL, NULL),
(3, 93, 1, 22, NULL, NULL, NULL),
(3, 94, 1, 15, NULL, NULL, NULL),
(3, 95, 1, 21, '3693JZT', '2017-05-19 07:35:59', NULL),
(3, 96, 1, 23, '5753UNU', '2017-05-19 10:47:28', NULL),
(3, 97, 1, 12, NULL, NULL, NULL),
(3, 98, 1, 21, '0942RBZ', '2017-05-19 06:41:50', NULL),
(3, 99, 1, 22, '6340OGH', '2017-05-19 06:26:53', 1637762152),
(3, 100, 2, 14, NULL, NULL, NULL),
(3, 101, 2, 22, '3026ZGL', '2017-05-19 09:01:29', NULL),
(3, 102, 2, 24, '0365JSX', '2017-05-19 11:01:14', NULL),
(3, 103, 2, 22, '3921MKW', '2017-05-19 10:47:53', 1781852629),
(3, 104, 2, 19, '1115KSF', '2017-05-19 05:27:53', NULL),
(3, 105, 2, 18, '2166DGI', '2017-05-19 09:22:05', NULL),
(3, 106, 2, 16, '9154PFU', '2017-05-19 08:17:47', 1124587987),
(3, 107, 2, 16, '2809ZZK', '2017-05-19 08:56:44', 1219254086),
(3, 108, 2, 23, NULL, NULL, NULL),
(3, 109, 2, 17, '4509FHJ', '2017-05-19 12:47:59', 1685160303),
(3, 110, 2, 24, NULL, NULL, NULL),
(3, 111, 2, 22, NULL, NULL, NULL),
(3, 112, 2, 15, NULL, NULL, NULL),
(3, 113, 2, 13, '9610IME', '2017-05-19 05:34:46', NULL),
(3, 114, 2, 16, '3343NIP', '2017-05-19 05:51:21', 1762834869),
(3, 115, 2, 14, '0786VOW', '2017-05-19 07:08:26', NULL),
(3, 116, 2, 19, '8598KCJ', '2017-05-19 10:37:29', 1915625251),
(3, 117, 2, 18, '7061FQP', '2017-05-19 11:23:51', NULL),
(3, 118, 2, 22, '2973NJZ', '2017-05-19 07:31:47', 1782596674),
(3, 119, 2, 23, NULL, NULL, NULL),
(3, 120, 2, 18, NULL, NULL, NULL),
(3, 121, 2, 12, NULL, NULL, NULL),
(3, 122, 2, 17, NULL, NULL, NULL),
(3, 123, 2, 13, '4553OIS', '2017-05-19 11:22:55', 1612655359),
(3, 124, 2, 12, '2178YTN', '2017-05-19 10:01:20', 1429210353),
(3, 125, 2, 18, NULL, NULL, NULL),
(3, 126, 2, 16, '6413KVM', '2017-05-19 10:44:05', NULL),
(3, 127, 2, 23, '8134WIG', '2017-05-19 10:48:07', NULL),
(3, 128, 2, 17, NULL, NULL, NULL),
(3, 129, 2, 24, NULL, NULL, NULL),
(3, 130, 2, 21, '3662OWD', '2017-05-19 07:59:19', 1890169873),
(3, 131, 2, 12, NULL, NULL, NULL),
(3, 132, 2, 15, '0457EBD', '2017-05-19 06:54:25', NULL),
(3, 133, 2, 13, '9689AZD', '2017-05-19 12:43:09', NULL),
(3, 134, 2, 24, '4869ZAP', '2017-05-19 12:31:42', 1697584623),
(3, 135, 2, 19, '2756WVW', '2017-05-19 12:05:09', NULL),
(3, 136, 2, 23, '1921BTG', '2017-05-19 09:34:39', NULL),
(3, 137, 2, 21, NULL, NULL, NULL),
(3, 138, 2, 15, '8541XXP', '2017-05-19 06:51:28', 1538439374),
(3, 139, 2, 24, NULL, NULL, NULL),
(3, 140, 2, 24, '4415JZC', '2017-05-19 10:19:23', 1670126744),
(3, 141, 2, 12, '3479OIC', '2017-05-19 06:43:33', NULL),
(3, 142, 2, 21, '3654ZFN', '2017-05-19 06:23:15', NULL),
(3, 143, 2, 20, '2743ISI', '2017-05-19 10:06:10', 1533246701),
(3, 144, 2, 24, NULL, NULL, NULL),
(3, 145, 2, 20, NULL, NULL, NULL),
(3, 146, 2, 19, NULL, NULL, NULL),
(3, 147, 2, 24, NULL, NULL, NULL),
(3, 148, 2, 24, NULL, NULL, NULL),
(3, 149, 2, 20, NULL, NULL, NULL),
(3, 150, 2, 18, '2182OSF', '2017-05-19 09:56:20', NULL),
(3, 151, 2, 17, NULL, NULL, NULL),
(3, 152, 2, 18, NULL, NULL, NULL),
(3, 153, 2, 24, NULL, NULL, NULL),
(3, 154, 2, 17, NULL, NULL, NULL),
(3, 155, 2, 21, '6849BQY', '2017-05-19 11:12:17', NULL),
(3, 156, 2, 17, NULL, NULL, NULL),
(3, 157, 2, 19, '7583LWX', '2017-05-19 11:01:39', NULL),
(3, 158, 2, 19, NULL, NULL, NULL),
(3, 159, 2, 13, NULL, NULL, NULL),
(3, 160, 2, 17, NULL, NULL, NULL),
(3, 161, 2, 15, NULL, NULL, NULL),
(3, 162, 2, 13, NULL, NULL, NULL),
(3, 163, 2, 12, NULL, NULL, NULL),
(3, 164, 2, 24, '8691CXM', '2017-05-19 07:43:29', NULL),
(3, 165, 2, 18, NULL, NULL, NULL),
(3, 166, 2, 15, '3810IPS', '2017-05-19 06:29:03', NULL),
(3, 167, 2, 18, '0926NAT', '2017-05-19 11:17:07', 1211885179),
(3, 168, 2, 14, NULL, NULL, NULL),
(3, 169, 2, 21, NULL, NULL, NULL),
(3, 170, 2, 24, NULL, NULL, NULL),
(3, 171, 2, 22, NULL, NULL, NULL),
(3, 172, 2, 18, NULL, NULL, NULL),
(3, 173, 2, 19, NULL, NULL, NULL),
(3, 174, 2, 15, NULL, NULL, NULL),
(3, 175, 2, 14, '5077ARC', '2017-05-19 08:14:25', 1092010153),
(3, 176, 2, 20, NULL, NULL, NULL),
(3, 177, 2, 19, NULL, NULL, NULL),
(3, 178, 2, 20, NULL, NULL, NULL),
(3, 179, 2, 14, NULL, NULL, NULL),
(3, 180, 2, 16, NULL, NULL, NULL),
(3, 181, 2, 14, NULL, NULL, NULL),
(3, 182, 2, 17, '3991LUZ', '2017-05-19 08:35:50', NULL),
(3, 183, 2, 24, NULL, NULL, NULL),
(3, 184, 2, 14, '6010TSO', '2017-05-19 06:23:47', 1510872109),
(3, 185, 2, 15, '0874CNC', '2017-05-19 09:35:41', NULL),
(3, 186, 2, 15, '7815ZQU', '2017-05-19 09:04:20', 1958047490),
(3, 187, 2, 21, '6556KDE', '2017-05-19 09:59:26', 1427706018),
(3, 188, 2, 14, '4025BYU', '2017-05-19 06:24:13', NULL),
(3, 189, 2, 24, '9337HWE', '2017-05-19 10:19:23', NULL),
(3, 190, 2, 13, '7869AKR', '2017-05-19 05:58:07', NULL),
(3, 191, 2, 16, NULL, NULL, NULL),
(3, 192, 2, 18, NULL, NULL, NULL),
(3, 193, 2, 24, NULL, NULL, NULL),
(3, 194, 2, 14, '4052ZSS', '2017-05-19 10:47:53', NULL),
(3, 195, 2, 20, NULL, NULL, NULL),
(3, 196, 2, 19, '5252QLM', '2017-05-19 09:43:33', NULL),
(3, 197, 2, 23, '9996ZQG', '2017-05-19 13:02:11', NULL),
(3, 198, 2, 13, NULL, NULL, NULL),
(3, 199, 2, 19, '2127NCQ', '2017-05-19 12:31:26', 1263480227),
(3, 200, 3, 15, '7139ZHA', '2017-05-19 08:14:25', NULL),
(3, 201, 3, 19, '5364XJC', '2017-05-19 08:36:47', NULL),
(3, 202, 3, 18, NULL, NULL, NULL),
(3, 203, 3, 16, '3175WFD', '2017-05-19 05:33:47', 1619552787),
(3, 204, 3, 19, '7332HHH', '2017-05-19 08:47:14', NULL),
(3, 205, 3, 16, '7384KJL', '2017-05-19 06:01:56', NULL),
(3, 206, 3, 17, '4622CEK', '2017-05-19 11:04:02', 1105575489),
(3, 207, 3, 20, NULL, NULL, NULL),
(3, 208, 3, 23, '5422IHF', '2017-05-19 07:16:25', NULL),
(3, 209, 3, 19, NULL, NULL, NULL),
(3, 210, 3, 21, '6740CTP', '2017-05-19 10:45:02', NULL),
(3, 211, 3, 17, '7434MRB', '2017-05-19 10:45:59', NULL),
(3, 212, 3, 13, NULL, NULL, NULL),
(3, 213, 3, 16, '4672YQQ', '2017-05-19 12:53:20', NULL),
(3, 214, 3, 17, '5227MRS', '2017-05-19 08:32:47', NULL),
(3, 215, 3, 13, '1550HSN', '2017-05-19 13:16:06', NULL),
(3, 216, 3, 21, '3145HXO', '2017-05-19 05:54:16', 1149997098),
(3, 217, 3, 19, NULL, NULL, NULL),
(3, 218, 3, 21, NULL, NULL, NULL),
(3, 219, 3, 20, '7358UWB', '2017-05-19 05:39:42', NULL),
(3, 220, 3, 15, '7830EIO', '2017-05-19 10:54:33', NULL),
(3, 221, 3, 21, NULL, NULL, NULL),
(3, 222, 3, 13, NULL, NULL, NULL),
(3, 223, 3, 15, '3502KFH', '2017-05-19 06:09:44', 1456105175),
(3, 224, 3, 22, '8215KCM', '2017-05-19 12:36:38', NULL),
(3, 225, 3, 14, '4593TPD', '2017-05-19 12:47:36', NULL),
(3, 226, 3, 15, '9285HME', '2017-05-19 11:09:24', NULL),
(3, 227, 3, 13, NULL, NULL, NULL),
(3, 228, 3, 12, NULL, NULL, NULL),
(3, 229, 3, 14, '7342ZUQ', '2017-05-19 13:02:48', 1055163923),
(3, 230, 3, 23, NULL, NULL, NULL),
(3, 231, 3, 21, '3176YUR', '2017-05-19 08:45:21', NULL),
(3, 232, 3, 14, NULL, NULL, NULL),
(3, 233, 3, 14, '8265UMC', '2017-05-19 12:40:57', NULL),
(3, 234, 3, 23, NULL, NULL, NULL),
(3, 235, 3, 13, '0113IVU', '2017-05-19 07:41:38', NULL),
(3, 236, 3, 13, NULL, NULL, NULL),
(3, 237, 3, 13, NULL, NULL, NULL),
(3, 238, 3, 20, NULL, NULL, NULL),
(3, 239, 3, 17, NULL, NULL, NULL),
(3, 240, 3, 14, '0545JVL', '2017-05-19 10:35:34', NULL),
(3, 241, 3, 20, '0817DVT', '2017-05-19 11:59:40', NULL),
(3, 242, 3, 20, NULL, NULL, NULL),
(3, 243, 3, 16, '0202BWW', '2017-05-19 11:24:57', 1037625378),
(3, 244, 3, 20, NULL, NULL, NULL),
(3, 245, 3, 18, '1403OVQ', '2017-05-19 12:08:39', NULL),
(3, 246, 3, 14, NULL, NULL, NULL),
(3, 247, 3, 19, '3775PYD', '2017-05-19 11:25:54', NULL),
(3, 248, 3, 14, '7728ITN', '2017-05-19 06:27:53', NULL),
(3, 249, 3, 22, '7054GNS', '2017-05-19 06:33:54', NULL),
(3, 250, 3, 13, NULL, NULL, NULL),
(3, 251, 3, 22, '8089GWQ', '2017-05-19 05:54:21', NULL),
(3, 252, 3, 21, '1057RUC', '2017-05-19 10:25:51', NULL),
(3, 253, 3, 13, NULL, NULL, NULL),
(3, 254, 3, 18, NULL, NULL, NULL),
(3, 255, 3, 20, '8643DOL', '2017-05-19 12:19:06', 1127527801),
(3, 256, 3, 13, NULL, NULL, NULL),
(3, 257, 3, 16, NULL, NULL, NULL),
(3, 258, 3, 12, '5159CSN', '2017-05-19 05:51:22', NULL),
(3, 259, 3, 19, NULL, NULL, NULL),
(3, 260, 3, 13, '1755CIB', '2017-05-19 12:01:36', NULL),
(3, 261, 3, 20, NULL, NULL, NULL),
(3, 262, 3, 19, NULL, NULL, NULL),
(3, 263, 3, 12, NULL, NULL, NULL),
(3, 264, 3, 13, '6326YHT', '2017-05-19 08:07:40', NULL),
(3, 265, 3, 22, NULL, NULL, NULL),
(3, 266, 3, 22, '2420LBC', '2017-05-19 06:02:00', NULL),
(3, 267, 3, 23, '9096DOO', '2017-05-19 10:38:24', NULL),
(3, 268, 3, 24, '8108NXV', '2017-05-19 11:39:36', 1703966320),
(3, 269, 3, 24, '8133ACO', '2017-05-19 07:46:27', NULL),
(3, 270, 3, 13, '0489SEI', '2017-05-19 06:06:15', 1917748244),
(3, 271, 3, 19, NULL, NULL, NULL),
(3, 272, 3, 18, '8119WOZ', '2017-05-19 09:45:18', NULL),
(3, 273, 3, 13, NULL, NULL, NULL),
(3, 274, 3, 18, '2878PTB', '2017-05-19 09:41:36', NULL),
(3, 275, 3, 16, '5244SHN', '2017-05-19 08:13:06', NULL),
(3, 276, 3, 13, '0973PKC', '2017-05-19 09:37:34', 1232698949),
(3, 277, 3, 12, NULL, NULL, NULL),
(3, 278, 3, 19, '0888CHG', '2017-05-19 11:41:34', 1868853017),
(3, 279, 3, 17, NULL, NULL, NULL),
(3, 280, 3, 14, NULL, NULL, NULL),
(3, 281, 3, 22, NULL, NULL, NULL),
(3, 282, 3, 14, '5270WZF', '2017-05-19 12:06:45', NULL),
(3, 283, 3, 20, NULL, NULL, NULL),
(3, 284, 3, 20, NULL, NULL, NULL),
(3, 285, 3, 24, NULL, NULL, NULL),
(3, 286, 3, 18, NULL, NULL, NULL),
(3, 287, 3, 17, '9186HDH', '2017-05-19 12:30:36', NULL),
(3, 288, 3, 21, '9241QIV', '2017-05-19 06:13:08', 1643180225),
(3, 289, 3, 14, '4393TTB', '2017-05-19 10:22:02', NULL),
(3, 290, 3, 16, NULL, NULL, NULL),
(3, 291, 3, 16, '1715MKM', '2017-05-19 08:40:36', NULL),
(3, 292, 3, 19, NULL, NULL, NULL),
(3, 293, 3, 22, NULL, NULL, NULL),
(3, 294, 3, 20, '6623XVP', '2017-05-19 11:24:52', 1996335397),
(3, 295, 3, 16, '5073ESC', '2017-05-19 09:05:18', NULL),
(3, 296, 3, 13, '0003FHH', '2017-05-19 07:01:19', NULL),
(3, 297, 3, 13, NULL, NULL, NULL),
(3, 298, 3, 23, '2417KOM', '2017-05-19 09:22:24', NULL),
(3, 299, 3, 16, '1945JHP', '2017-05-19 09:49:00', NULL),
(3, 300, 4, 24, NULL, NULL, NULL),
(3, 301, 4, 18, '4150OFG', '2017-05-19 09:55:22', NULL),
(3, 302, 4, 22, '8121HVE', '2017-05-19 08:32:48', NULL),
(3, 303, 4, 12, NULL, NULL, NULL),
(3, 304, 4, 13, '9363UJS', '2017-05-19 12:47:27', NULL),
(3, 305, 4, 21, '5433OFA', '2017-05-19 08:47:31', NULL),
(3, 306, 4, 22, NULL, NULL, NULL),
(3, 307, 4, 22, NULL, NULL, NULL),
(3, 308, 4, 15, '7445EZR', '2017-05-19 13:13:01', NULL),
(3, 309, 4, 17, NULL, NULL, NULL),
(3, 310, 4, 21, '7238NFT', '2017-05-19 11:05:00', NULL),
(3, 311, 4, 14, NULL, NULL, NULL),
(3, 312, 4, 12, '7048KWY', '2017-05-19 09:24:53', NULL),
(3, 313, 4, 16, NULL, NULL, NULL),
(3, 314, 4, 17, '7801EEQ', '2017-05-19 09:20:30', NULL),
(3, 315, 4, 23, NULL, NULL, NULL),
(3, 316, 4, 14, NULL, NULL, NULL),
(3, 317, 4, 12, '5058XOI', '2017-05-19 10:02:42', NULL),
(3, 318, 4, 22, NULL, NULL, NULL),
(3, 319, 4, 12, '3716OUG', '2017-05-19 07:26:53', NULL),
(3, 320, 4, 17, '3405TSW', '2017-05-19 06:08:13', NULL),
(3, 321, 4, 14, NULL, NULL, NULL),
(3, 322, 4, 19, NULL, NULL, NULL),
(3, 323, 4, 22, '0621JIB', '2017-05-19 10:14:18', NULL),
(3, 324, 4, 19, NULL, NULL, NULL),
(3, 325, 4, 23, NULL, NULL, NULL),
(3, 326, 4, 22, NULL, NULL, NULL),
(3, 327, 4, 17, '8086YKY', '2017-05-19 12:07:08', 1896253224),
(3, 328, 4, 17, '4164WIK', '2017-05-19 12:50:54', NULL),
(3, 329, 4, 17, NULL, NULL, NULL),
(3, 330, 4, 17, NULL, NULL, NULL),
(3, 331, 4, 14, NULL, NULL, NULL),
(3, 332, 4, 23, NULL, NULL, NULL),
(3, 333, 4, 17, NULL, NULL, NULL),
(3, 334, 4, 15, NULL, NULL, NULL),
(3, 335, 4, 14, '4477PQB', '2017-05-19 05:55:26', NULL),
(3, 336, 4, 15, '1524ORP', '2017-05-19 12:22:52', 1594400585),
(3, 337, 4, 22, '6676LFD', '2017-05-19 13:06:36', NULL),
(3, 338, 4, 14, NULL, NULL, NULL),
(3, 339, 4, 23, NULL, NULL, NULL),
(3, 340, 4, 23, '9762JMN', '2017-05-19 07:59:20', NULL),
(3, 341, 4, 17, '4446NBI', '2017-05-19 07:05:48', 1132081665),
(3, 342, 4, 20, NULL, NULL, NULL),
(3, 343, 4, 18, NULL, NULL, NULL),
(3, 344, 4, 15, '4793FKW', '2017-05-19 12:20:56', 1707055919),
(3, 345, 4, 24, '4128MIK', '2017-05-19 07:18:22', 1507153605),
(3, 346, 4, 13, NULL, NULL, NULL),
(3, 347, 4, 20, NULL, NULL, NULL),
(3, 348, 4, 22, '6547PHR', '2017-05-19 07:17:03', NULL),
(3, 349, 4, 14, NULL, NULL, NULL),
(3, 350, 4, 24, '9091SAN', '2017-05-19 06:33:18', 1643994190),
(3, 351, 4, 16, '3066FBE', '2017-05-19 09:15:45', NULL),
(3, 352, 4, 23, '8877WTP', '2017-05-19 11:36:28', NULL),
(3, 353, 4, 17, NULL, NULL, NULL),
(3, 354, 4, 24, NULL, NULL, NULL),
(3, 355, 4, 12, '2876UUM', '2017-05-19 07:03:17', NULL),
(3, 356, 4, 14, NULL, NULL, NULL),
(3, 357, 4, 15, '9464OAM', '2017-05-19 12:24:48', 1765575918),
(3, 358, 4, 16, NULL, NULL, NULL),
(3, 359, 4, 17, '5438NMM', '2017-05-19 12:28:36', NULL),
(3, 360, 4, 18, '5650DXM', '2017-05-19 13:17:56', NULL),
(3, 361, 4, 20, NULL, NULL, NULL),
(3, 362, 4, 15, NULL, NULL, NULL),
(3, 363, 4, 16, '7303GIJ', '2017-05-19 10:26:03', NULL),
(3, 364, 4, 16, '7266GAX', '2017-05-19 06:27:53', 1642348814),
(3, 365, 4, 19, '4199XXK', '2017-05-19 08:13:06', NULL),
(3, 366, 4, 13, '6231CCF', '2017-05-19 11:45:30', NULL),
(3, 367, 4, 13, NULL, NULL, NULL),
(3, 368, 4, 17, '6867JNS', '2017-05-19 06:17:28', 1956979882),
(3, 369, 4, 16, '4073GPH', '2017-05-19 12:11:04', NULL),
(3, 370, 4, 14, NULL, NULL, NULL),
(3, 371, 4, 22, '3030LAQ', '2017-05-19 12:05:28', NULL),
(3, 372, 4, 13, '5467TPH', '2017-05-19 11:05:57', 1155021786),
(3, 373, 4, 15, NULL, NULL, NULL),
(3, 374, 4, 23, NULL, NULL, NULL),
(3, 375, 4, 21, '5833KGL', '2017-05-19 07:19:01', NULL),
(3, 376, 4, 17, NULL, NULL, NULL),
(3, 377, 4, 13, '5826DXM', '2017-05-19 10:16:14', NULL),
(3, 378, 4, 22, '2856NCE', '2017-05-19 09:36:39', 1828375690),
(3, 379, 4, 13, NULL, NULL, NULL),
(3, 380, 4, 12, '8761EWE', '2017-05-19 09:38:39', 1923032456),
(3, 381, 4, 13, NULL, NULL, NULL),
(3, 382, 4, 13, NULL, NULL, NULL),
(3, 383, 4, 12, NULL, NULL, NULL),
(3, 384, 4, 24, '5683BUC', '2017-05-19 06:36:09', NULL),
(3, 385, 4, 12, '0494DMP', '2017-05-19 08:38:36', NULL),
(3, 386, 4, 24, '4732DYO', '2017-05-19 06:55:09', NULL),
(3, 387, 4, 20, NULL, NULL, NULL),
(3, 388, 4, 18, NULL, NULL, NULL),
(3, 389, 4, 19, '0490IYZ', '2017-05-19 11:37:26', NULL),
(3, 390, 4, 23, NULL, NULL, NULL),
(3, 391, 4, 12, NULL, NULL, NULL),
(3, 392, 4, 21, '1039NZK', '2017-05-19 11:58:12', NULL),
(3, 393, 4, 15, NULL, NULL, NULL),
(3, 394, 4, 16, NULL, NULL, NULL),
(3, 395, 4, 19, '7823VLD', '2017-05-19 08:31:50', NULL),
(3, 396, 4, 24, NULL, NULL, NULL),
(3, 397, 4, 14, NULL, NULL, NULL),
(3, 398, 4, 12, NULL, NULL, NULL),
(3, 399, 4, 15, '9833YCV', '2017-05-19 12:41:33', 1751859834),
(3, 400, 5, 15, NULL, NULL, NULL),
(3, 401, 5, 24, NULL, NULL, NULL),
(3, 402, 5, 20, '0445CGV', '2017-05-19 09:00:50', NULL),
(3, 403, 5, 24, NULL, NULL, NULL),
(3, 404, 5, 16, '2250UFV', '2017-05-19 09:45:18', 1638547259),
(3, 405, 5, 23, NULL, NULL, NULL),
(3, 406, 5, 16, '0161SLX', '2017-05-19 08:59:19', NULL),
(3, 407, 5, 17, '4513EZK', '2017-05-19 08:36:40', NULL),
(3, 408, 5, 12, '5812MWM', '2017-05-19 06:13:21', NULL),
(3, 409, 5, 20, NULL, NULL, NULL),
(3, 410, 5, 21, '2229NIM', '2017-05-19 07:05:15', NULL),
(3, 411, 5, 20, NULL, NULL, NULL),
(3, 412, 5, 19, '4705TJN', '2017-05-19 11:15:01', NULL),
(3, 413, 5, 19, NULL, NULL, NULL),
(3, 414, 5, 16, '0567IQP', '2017-05-19 10:57:24', NULL),
(3, 415, 5, 20, NULL, NULL, NULL),
(3, 416, 5, 18, NULL, NULL, NULL),
(3, 417, 5, 24, NULL, NULL, NULL),
(3, 418, 5, 19, '5857CQB', '2017-05-19 08:36:42', 1200445565),
(3, 419, 5, 19, NULL, NULL, NULL),
(3, 420, 5, 19, '7904XXE', '2017-05-19 12:19:58', NULL),
(3, 421, 5, 20, '9540XYZ', '2017-05-19 10:54:22', NULL),
(3, 422, 5, 13, NULL, NULL, NULL),
(3, 423, 5, 16, NULL, NULL, NULL),
(3, 424, 5, 21, '4455XSK', '2017-05-19 12:55:12', NULL),
(3, 425, 5, 18, NULL, NULL, NULL),
(3, 426, 5, 16, '8582NSD', '2017-05-19 13:00:14', NULL),
(3, 427, 5, 20, NULL, NULL, NULL),
(3, 428, 5, 21, NULL, NULL, NULL),
(3, 429, 5, 16, '7305HKP', '2017-05-19 06:11:27', NULL),
(3, 430, 5, 20, '0146GOU', '2017-05-19 11:01:12', NULL),
(3, 431, 5, 20, '1216ZFZ', '2017-05-19 10:38:28', NULL),
(3, 432, 5, 19, NULL, NULL, NULL),
(3, 433, 5, 18, '4391UKA', '2017-05-19 09:43:18', NULL),
(3, 434, 5, 12, '4959LYG', '2017-05-19 12:41:14', 1160113761),
(3, 435, 5, 18, NULL, NULL, NULL),
(3, 436, 5, 19, NULL, NULL, NULL),
(3, 437, 5, 14, '7375JVC', '2017-05-19 06:12:09', NULL),
(3, 438, 5, 16, '8997RYL', '2017-05-19 07:05:15', 1660793374),
(3, 439, 5, 18, '1242TVI', '2017-05-19 08:43:26', NULL),
(3, 440, 5, 12, '9478DSA', '2017-05-19 06:24:45', NULL),
(3, 441, 5, 12, '8509LGP', '2017-05-19 08:43:27', 1794529256),
(3, 442, 5, 20, '6408HVV', '2017-05-19 12:19:00', 1363076205),
(3, 443, 5, 16, NULL, NULL, NULL),
(3, 444, 5, 21, '2364YHY', '2017-05-19 06:57:23', NULL),
(3, 445, 5, 15, NULL, NULL, NULL),
(3, 446, 5, 13, NULL, NULL, NULL),
(3, 447, 5, 23, '3367IZH', '2017-05-19 12:30:30', NULL),
(3, 448, 5, 23, NULL, NULL, NULL),
(3, 449, 5, 21, '2549PDY', '2017-05-19 13:08:30', NULL),
(3, 450, 5, 16, '0061VIH', '2017-05-19 05:46:32', 1242895715),
(3, 451, 5, 19, '8939YFV', '2017-05-19 11:11:39', 1185550773),
(3, 452, 5, 17, '0367ZRS', '2017-05-19 06:33:18', 1956168360),
(3, 453, 5, 16, NULL, NULL, NULL),
(3, 454, 5, 14, NULL, NULL, NULL),
(3, 455, 5, 23, '3576MOH', '2017-05-19 06:36:09', NULL),
(3, 456, 5, 16, NULL, NULL, NULL),
(3, 457, 5, 13, NULL, NULL, NULL),
(3, 458, 5, 21, '0957LNT', '2017-05-19 05:50:24', NULL),
(3, 459, 5, 17, NULL, NULL, NULL),
(3, 460, 5, 13, NULL, NULL, NULL),
(3, 461, 5, 20, NULL, NULL, NULL),
(3, 462, 5, 13, NULL, NULL, NULL),
(3, 463, 5, 23, '2529PCK', '2017-05-19 07:46:27', NULL),
(3, 464, 5, 20, '1335ZMU', '2017-05-19 08:41:30', NULL),
(3, 465, 5, 20, '9765TIA', '2017-05-19 12:57:17', NULL),
(3, 466, 5, 14, NULL, NULL, NULL),
(3, 467, 5, 12, '1512XZC', '2017-05-19 12:16:58', NULL),
(3, 468, 5, 18, '8904IOL', '2017-05-19 11:16:10', NULL),
(3, 469, 5, 22, '5980WTO', '2017-05-19 10:22:15', 1560986567),
(3, 470, 5, 19, '7835QXD', '2017-05-19 07:36:43', NULL),
(3, 471, 5, 15, '3269EHA', '2017-05-19 06:26:54', NULL),
(3, 472, 5, 15, NULL, NULL, NULL),
(3, 473, 5, 17, NULL, NULL, NULL),
(3, 474, 5, 22, NULL, NULL, NULL),
(3, 475, 5, 19, NULL, NULL, NULL),
(3, 476, 5, 20, '8499EJC', '2017-05-19 10:11:48', NULL),
(3, 477, 5, 24, '3318AZH', '2017-05-19 09:52:25', NULL),
(3, 478, 5, 22, NULL, NULL, NULL),
(3, 479, 5, 16, NULL, NULL, NULL),
(3, 480, 5, 16, '9975QUW', '2017-05-19 08:17:02', 1286455783),
(3, 481, 5, 23, NULL, NULL, NULL),
(3, 482, 5, 13, '4492WAI', '2017-05-19 06:30:27', 1633943098),
(3, 483, 5, 18, NULL, NULL, NULL),
(3, 484, 5, 21, NULL, NULL, NULL),
(3, 485, 5, 20, NULL, NULL, NULL),
(3, 486, 5, 12, NULL, NULL, NULL),
(3, 487, 5, 21, '2313GMK', '2017-05-19 06:09:33', NULL),
(3, 488, 5, 17, '1665GSB', '2017-05-19 07:47:24', NULL),
(3, 489, 5, 22, NULL, NULL, NULL),
(3, 490, 5, 17, NULL, NULL, NULL),
(3, 491, 5, 23, '4730WPU', '2017-05-19 05:44:37', 1866077576),
(3, 492, 5, 13, '5066KPU', '2017-05-19 11:24:00', NULL),
(3, 493, 5, 17, NULL, NULL, NULL),
(3, 494, 5, 19, NULL, NULL, NULL),
(3, 495, 5, 19, '9710FGU', '2017-05-19 05:55:18', NULL),
(3, 496, 5, 19, '1865STV', '2017-05-19 11:06:30', NULL),
(3, 497, 5, 17, '5681KYZ', '2017-05-19 07:19:20', NULL),
(3, 498, 5, 15, '7265PXL', '2017-05-19 07:58:21', NULL),
(3, 499, 5, 16, NULL, NULL, NULL),
(3, 500, 6, 17, NULL, NULL, NULL),
(3, 501, 6, 13, NULL, NULL, NULL),
(3, 502, 6, 14, NULL, NULL, NULL),
(3, 503, 6, 19, NULL, NULL, NULL),
(3, 504, 6, 18, '1453MEG', '2017-05-19 12:03:12', NULL),
(3, 505, 6, 23, NULL, NULL, NULL),
(3, 506, 6, 12, NULL, NULL, NULL),
(3, 507, 6, 17, '9047YNI', '2017-05-19 08:25:53', NULL),
(3, 508, 6, 16, '7717NWM', '2017-05-19 09:19:12', NULL),
(3, 509, 6, 23, NULL, NULL, NULL),
(3, 510, 6, 18, NULL, NULL, NULL),
(3, 511, 6, 12, '5042ZFH', '2017-05-19 06:41:39', 1405511090),
(3, 512, 6, 16, NULL, NULL, NULL),
(3, 513, 6, 24, '4220QCJ', '2017-05-19 07:11:36', NULL),
(3, 514, 6, 13, '2365ESJ', '2017-05-19 11:07:51', NULL),
(3, 515, 6, 15, '2935ETY', '2017-05-19 07:48:20', 1571253437),
(3, 516, 6, 17, '1384EGP', '2017-05-19 13:00:54', NULL),
(3, 517, 6, 24, '4769KWW', '2017-05-19 12:30:30', NULL),
(3, 518, 6, 19, NULL, NULL, NULL),
(3, 519, 6, 20, '0910XUB', '2017-05-19 12:19:06', NULL),
(3, 520, 6, 14, '5143PWE', '2017-05-19 07:09:40', NULL),
(3, 521, 6, 22, NULL, NULL, NULL),
(3, 522, 6, 17, NULL, NULL, NULL),
(3, 523, 6, 24, '4955SBY', '2017-05-19 09:32:51', 1217277984),
(3, 524, 6, 14, '1834PPK', '2017-05-19 08:17:02', NULL),
(3, 525, 6, 12, NULL, NULL, NULL),
(3, 526, 6, 24, NULL, NULL, NULL),
(3, 527, 6, 22, '5606ZLW', '2017-05-19 06:16:30', 1570487682),
(3, 528, 6, 23, NULL, NULL, NULL),
(3, 529, 6, 19, NULL, NULL, NULL),
(3, 530, 6, 14, NULL, NULL, NULL),
(3, 531, 6, 21, '5501LUE', '2017-05-19 06:55:09', NULL),
(3, 532, 6, 17, NULL, NULL, NULL),
(3, 533, 6, 15, '9702HUI', '2017-05-19 10:21:04', 1967704924),
(3, 534, 6, 24, NULL, NULL, NULL),
(3, 535, 6, 23, '5278HIT', '2017-05-19 13:03:28', NULL),
(3, 536, 6, 14, '1369ZJW', '2017-05-19 06:13:08', 1925653285),
(3, 537, 6, 15, NULL, NULL, NULL),
(3, 538, 6, 20, '0320LQQ', '2017-05-19 07:10:38', 1810068419),
(3, 539, 6, 17, NULL, NULL, NULL),
(3, 540, 6, 21, '4968GBX', '2017-05-19 09:27:50', 1950350155),
(3, 541, 6, 17, NULL, NULL, NULL),
(3, 542, 6, 14, NULL, NULL, NULL),
(3, 543, 6, 15, '6408SRS', '2017-05-19 11:45:10', NULL),
(3, 544, 6, 20, NULL, NULL, NULL),
(3, 545, 6, 20, NULL, NULL, NULL),
(3, 546, 6, 18, '9407GAM', '2017-05-19 12:34:28', NULL),
(3, 547, 6, 22, '6885QTG', '2017-05-19 06:46:34', 1824498453),
(3, 548, 6, 12, '4898LVV', '2017-05-19 08:27:51', NULL),
(3, 549, 6, 16, '2375EBG', '2017-05-19 08:03:48', 1110536713),
(3, 550, 6, 21, '6418CCF', '2017-05-19 08:10:09', 1391120566),
(3, 551, 6, 22, '5457YQQ', '2017-05-19 11:13:16', 1436977363),
(3, 552, 6, 22, NULL, NULL, NULL),
(3, 553, 6, 23, NULL, NULL, NULL),
(3, 554, 6, 23, '5590NPC', '2017-05-19 09:34:43', NULL),
(3, 555, 6, 23, '7861LGB', '2017-05-19 10:33:38', NULL),
(3, 556, 6, 12, NULL, NULL, NULL),
(3, 557, 6, 21, '8884FBZ', '2017-05-19 09:52:04', NULL),
(3, 558, 6, 19, '5180ZGQ', '2017-05-19 07:36:00', NULL),
(3, 559, 6, 15, NULL, NULL, NULL),
(3, 560, 6, 15, NULL, NULL, NULL),
(3, 561, 6, 23, '1241QYZ', '2017-05-19 08:51:10', 1389883536),
(3, 562, 6, 12, '5738FXL', '2017-05-19 12:10:05', NULL),
(3, 563, 6, 18, '0273GHO', '2017-05-19 08:19:42', NULL),
(3, 564, 6, 15, '5577WYM', '2017-05-19 11:26:49', 1989001694),
(3, 565, 6, 22, '7824XYR', '2017-05-19 07:20:00', 1335842469),
(3, 566, 6, 22, '4418DQU', '2017-05-19 10:56:27', NULL),
(3, 567, 6, 13, NULL, NULL, NULL),
(3, 568, 6, 12, NULL, NULL, NULL),
(3, 569, 6, 14, '1337TAW', '2017-05-19 12:38:36', NULL),
(3, 570, 6, 15, NULL, NULL, NULL),
(3, 571, 6, 21, '9383GYO', '2017-05-19 07:31:54', NULL),
(3, 572, 6, 14, NULL, NULL, NULL),
(3, 573, 6, 24, '9263QRW', '2017-05-19 10:12:05', NULL),
(3, 574, 6, 19, '4423YAD', '2017-05-19 06:17:28', NULL),
(3, 575, 6, 23, NULL, NULL, NULL),
(3, 576, 6, 18, '7258XDH', '2017-05-19 11:31:44', NULL),
(3, 577, 6, 12, NULL, NULL, NULL),
(3, 578, 6, 19, NULL, NULL, NULL),
(3, 579, 6, 15, '0528PCM', '2017-05-19 08:16:22', NULL),
(3, 580, 6, 17, '9860TLW', '2017-05-19 07:27:52', NULL),
(3, 581, 6, 18, '0853NTV', '2017-05-19 07:03:52', 1734871212),
(3, 582, 6, 16, '8037RWF', '2017-05-19 11:28:47', NULL),
(3, 583, 6, 21, '0660HOX', '2017-05-19 10:29:51', 1312895282),
(3, 584, 6, 17, '6820GQJ', '2017-05-19 10:04:12', 1789578688),
(3, 585, 6, 16, '8071WKY', '2017-05-19 08:20:58', NULL),
(3, 586, 6, 13, NULL, NULL, NULL),
(3, 587, 6, 23, '8620XBE', '2017-05-19 13:15:58', 1366859544),
(3, 588, 6, 24, '4541HVY', '2017-05-19 07:02:18', NULL),
(3, 589, 6, 14, '4173ODD', '2017-05-19 12:26:42', NULL),
(3, 590, 6, 14, '5465JFU', '2017-05-19 13:07:20', NULL),
(3, 591, 6, 24, NULL, NULL, NULL),
(3, 592, 6, 19, '6513UQC', '2017-05-19 05:45:48', NULL),
(3, 593, 6, 12, '8820YIL', '2017-05-19 05:35:54', 1168335658),
(3, 594, 6, 21, NULL, NULL, NULL),
(3, 595, 6, 15, '1264AFH', '2017-05-19 08:17:20', NULL),
(3, 596, 6, 18, '1853LNL', '2017-05-19 12:21:53', 1687105917),
(3, 597, 6, 21, NULL, NULL, NULL),
(3, 598, 6, 18, '5256EBV', '2017-05-19 12:29:45', NULL),
(3, 599, 6, 16, NULL, NULL, NULL),
(3, 600, 7, 20, NULL, NULL, NULL);

-- --------------------------------------------------------

--
-- Estructura de tabla para la tabla `productos`
--

CREATE TABLE IF NOT EXISTS `productos` (
  `cod` int(3) NOT NULL,
  `cod_servicio` int(2) NOT NULL,
  `cod_proveedor` int(2) NOT NULL,
  `nombre` varchar(25) COLLATE utf8_spanish_ci NOT NULL,
  `descripcion` varchar(250) COLLATE utf8_spanish_ci DEFAULT NULL,
  `unidades` int(4) NOT NULL,
  `max_unidades` int(4) NOT NULL,
  `precio_uni` double(6,2) NOT NULL,
  PRIMARY KEY (`cod`),
  KEY `cod_servicio` (`cod_servicio`,`cod_proveedor`),
  KEY `cod_proveedor` (`cod_proveedor`),
  KEY `cod_servicio_2` (`cod_servicio`)
) ENGINE=InnoDB DEFAULT CHARSET=utf8 COLLATE=utf8_spanish_ci;

--
-- Volcado de datos para la tabla `productos`
--

INSERT INTO `productos` (`cod`, `cod_servicio`, `cod_proveedor`, `nombre`, `descripcion`, `unidades`, `max_unidades`, `precio_uni`) VALUES
(1, 1, 7, 'Jabón', 'Componente químico utilizado para limpiar', 136, 446, 34.76),
(2, 1, 4, 'Lejia', 'Químico de limpieza potente', 142, 236, 7.44),
(3, 1, 9, 'Guantes', 'Protegen de los distintos componentes químicos', 136, 374, 20.52),
(4, 1, 8, 'Abrillantador', 'Abrillanta la zona aplicada', 114, 250, 18.90),
(5, 1, 2, 'Esponja', 'Con zona suave y zona áspera', 96, 419, 20.79),
(6, 2, 8, 'Aceite', 'Necesario para poder cambiarlo', 92, 345, 16.52),
(7, 2, 6, 'Lata', 'Almacena el aceite para reciclarlo', 55, 465, 19.58),
(8, 2, 6, 'Filtro', 'Necesario en caso de atasco', 70, 412, 13.04);

-- --------------------------------------------------------

--
-- Estructura de tabla para la tabla `servicios`
--

CREATE TABLE IF NOT EXISTS `servicios` (
  `cod` int(2) NOT NULL,
  `nombre` varchar(30) COLLATE utf8_spanish_ci NOT NULL,
  `precio` double(5,2) DEFAULT NULL,
  `descripcion` varchar(200) COLLATE utf8_spanish_ci DEFAULT NULL,
  PRIMARY KEY (`cod`)
) ENGINE=InnoDB DEFAULT CHARSET=utf8 COLLATE=utf8_spanish_ci;

--
-- Volcado de datos para la tabla `servicios`
--

INSERT INTO `servicios` (`cod`, `nombre`, `precio`, `descripcion`) VALUES
(1, 'Limpieza', 8.49, 'Limpieza superficial del vehiculo'),
(2, 'Cambio de Aceite', 59.99, 'Se cambia el aceite del vehiculo');

-- --------------------------------------------------------

--
-- Estructura de tabla para la tabla `tarjetas`
--

CREATE TABLE IF NOT EXISTS `tarjetas` (
  `dni` varchar(9) COLLATE utf8_spanish_ci NOT NULL,
  `num_plaza` int(3) NOT NULL,
  `matricula` varchar(7) COLLATE utf8_spanish_ci NOT NULL,
  `n_abonado` int(5) NOT NULL,
  `cod_garaje` int(1) NOT NULL,
  `activa` tinyint(1) DEFAULT NULL,
  PRIMARY KEY (`n_abonado`),
  UNIQUE KEY `dni` (`dni`),
  KEY `num_plaza` (`num_plaza`,`cod_garaje`),
  KEY `num_plaza_2` (`num_plaza`),
  KEY `cod_garaje` (`cod_garaje`),
  KEY `tarjetas_ibfk_1` (`cod_garaje`,`num_plaza`)
) ENGINE=InnoDB DEFAULT CHARSET=utf8 COLLATE=utf8_spanish_ci;

--
-- Volcado de datos para la tabla `tarjetas`
--

INSERT INTO `tarjetas` (`dni`, `num_plaza`, `matricula`, `n_abonado`, `cod_garaje`, `activa`) VALUES
('98546477X', 82, '7054PGW', 10083, 2, 1),
('84238554L', 463, '2529PCK', 10113, 3, 1),
('29452541Y', 383, '2684YDB', 10297, 2, 1),
('92249012Z', 365, '4050SIZ', 10400, 2, 1),
('36099536R', 130, '3412RNU', 10601, 2, 1),
('72728150B', 548, '4898LVV', 10604, 3, 1),
('03193855Y', 559, '8729MVH', 10627, 2, 1),
('83276858E', 28, '6147UDC', 10647, 3, 1),
('61079104M', 265, '1595KXO', 10726, 2, 1),
('75128467W', 470, '7835QXD', 10838, 3, 1),
('42360638C', 152, '9448BXP', 11057, 1, 1),
('36295705A', 304, '9363UJS', 11107, 3, 1),
('89714431X', 371, '3030LAQ', 11204, 3, 1),
('44553473N', 425, '6208PCR', 11340, 2, 1),
('10883961Q', 352, '8877WTP', 11555, 3, 1),
('72653375D', 275, '0314ZJE', 11573, 1, 1),
('62254094V', 128, '2368TOY', 11809, 2, 1),
('63822071S', 351, '0323OJO', 12188, 2, 1),
('76480763J', 444, '6853CFR', 12243, 2, 1),
('51524060N', 1, '1234ABC', 12345, 1, 1),
('59256553C', 557, '8884FBZ', 12462, 3, 1),
('45777558Z', 287, '2291LYL', 12781, 1, 1),
('71674145G', 510, '5693ZXQ', 12825, 1, 1),
('51656279G', 432, '4685RMI', 12917, 2, 1),
('81253588Q', 211, '2866UYG', 13034, 1, 1),
('75895455D', 30, '5879VCJ', 13155, 3, 1),
('39254402A', 113, '9610IME', 14263, 3, 1),
('18815451W', 520, '5554KPZ', 14480, 2, 1),
('56636643V', 483, '2917EVW', 15021, 1, 1),
('90599508R', 406, '3525HGH', 15334, 1, 1),
('79989810L', 215, '1985OZM', 15506, 2, 1),
('60857892F', 334, '1211HHD', 15613, 2, 1),
('36225027G', 396, '9862ODA', 15866, 1, 1),
('29860663Q', 105, '2166DGI', 15893, 3, 1),
('35882328M', 262, '3848QLS', 16170, 1, 1),
('32693827V', 402, '0445CGV', 16188, 3, 1),
('16422970G', 144, '1941VYP', 16314, 2, 1),
('69144910X', 130, '1475KYU', 16329, 1, 1),
('14069791R', 126, '6413KVM', 16333, 3, 1),
('87718787F', 522, '3111BQZ', 16551, 2, 1),
('49265238C', 303, '7678FMP', 16665, 2, 1),
('98203725G', 71, '1922NXT', 16694, 3, 1),
('99099221H', 496, '2283GDH', 16768, 2, 1),
('12149271G', 118, '5307KLU', 16771, 1, 1),
('17982907N', 23, '9990EYM', 17150, 1, 1),
('88027751N', 386, '4732DYO', 17560, 3, 1),
('34980920J', 596, '5382WBS', 17617, 2, 1),
('72455569A', 95, '3693JZT', 17902, 3, 1),
('01364128K', 496, '1865STV', 17970, 3, 1),
('15707605P', 161, '9017KSA', 18216, 2, 1),
('59293991Z', 363, '7303GIJ', 18279, 3, 1),
('71356275V', 83, '6517FKY', 18407, 2, 1),
('71663864G', 66, '1752CMF', 18537, 3, 1),
('12152799J', 458, '2045NUD', 18828, 2, 1),
('32849458F', 245, '1403OVQ', 18977, 3, 1),
('55760087Z', 102, '0365JSX', 19139, 3, 1),
('28207390Y', 258, '0185DFE', 19287, 2, 1),
('86980519Q', 177, '8375AWG', 19496, 1, 1),
('92230104N', 78, '5824NFC', 19592, 3, 1),
('94916486V', 408, '5812MWM', 19680, 3, 1),
('36146043W', 158, '6228CGH', 19711, 2, 1),
('36748206W', 547, '3464HMR', 19736, 1, 1),
('55152249C', 513, '4220QCJ', 19884, 3, 1),
('75459945G', 309, '6038XGZ', 20018, 1, 1),
('23020171T', 197, '9996ZQG', 20360, 3, 1),
('20437107C', 515, '6053ZSB', 20568, 2, 1),
('16129585F', 426, '2348ZSY', 20928, 1, 1),
('03336489V', 439, '1242TVI', 21011, 3, 1),
('63816789T', 81, '5961DAR', 21144, 3, 1),
('92842455B', 433, '6135LNP', 21302, 2, 1),
('08389772Q', 24, '1768LVZ', 21820, 3, 1),
('30186092H', 53, '2378JBA', 21876, 1, 1),
('80462792Y', 351, '3066FBE', 21889, 3, 1),
('97349153C', 165, '4887MUA', 22009, 2, 1),
('93715612L', 247, '3775PYD', 22026, 3, 1),
('94534236G', 188, '8770XMO', 22089, 2, 1),
('14215242T', 429, '8922FUQ', 22142, 2, 1),
('17874114D', 534, '5304YFJ', 22385, 1, 1),
('20111702L', 313, '2222AKV', 22420, 2, 1),
('28734475T', 489, '7380XTV', 22425, 2, 1),
('18437839G', 47, '2205USX', 22500, 3, 1),
('00718231X', 406, '0161SLX', 22570, 3, 1),
('00669190M', 312, '7048KWY', 22971, 3, 1),
('70319344H', 103, '4687NBV', 23167, 1, 1),
('19825133F', 264, '6326YHT', 23218, 3, 1),
('54445293S', 270, '6112ZRP', 23249, 1, 1),
('87806053B', 304, '0803JKA', 23287, 1, 1),
('64360178Z', 150, '7262BME', 23572, 2, 1),
('40675898F', 340, '9762JMN', 23634, 3, 1),
('02841966V', 224, '8215KCM', 23681, 3, 1),
('44297343X', 410, '7728BDX', 23935, 1, 1),
('89887721H', 112, '0099PRY', 23997, 1, 1),
('62470214Y', 527, '9601CCC', 24106, 1, 1),
('75629071B', 163, '8467JJK', 24123, 1, 1),
('86068518B', 45, '3133BPJ', 24173, 2, 1),
('14634801Q', 277, '2513HGJ', 24186, 2, 1),
('70990932Y', 299, '1945JHP', 25028, 3, 1),
('69292763L', 261, '4600HJS', 25304, 1, 1),
('06611946K', 494, '1918XWO', 25495, 1, 1),
('54798108X', 197, '7544YQO', 25507, 1, 1),
('25452337P', 231, '3902CWZ', 25517, 2, 1),
('54854911A', 231, '3176YUR', 25533, 3, 1),
('69687622Z', 81, '2815VJY', 25693, 2, 1),
('07621576C', 236, '5679SOK', 26080, 2, 1),
('93634186J', 519, '0910XUB', 26299, 3, 1),
('58386867X', 360, '5650DXM', 26594, 3, 1),
('58753587H', 407, '4513EZK', 26628, 3, 1),
('90766763T', 333, '3829UEP', 26785, 2, 1),
('27893072Y', 519, '4089RZZ', 27083, 1, 1),
('84121028T', 328, '4164WIK', 27181, 3, 1),
('71707506S', 383, '3391JWM', 27357, 1, 1),
('91251787T', 166, '3810IPS', 27494, 3, 1),
('47893425L', 347, '5927XOH', 27583, 2, 1),
('12861442A', 440, '9478DSA', 27728, 3, 1),
('96100553K', 84, '7478CWP', 28007, 1, 1),
('43807377J', 14, '6422JVA', 28343, 1, 1),
('35690707C', 320, '3405TSW', 28347, 3, 1),
('27062624L', 150, '2182OSF', 28480, 3, 1),
('28580844D', 476, '8499EJC', 28719, 3, 1),
('29099087Q', 198, '4755LKP', 28738, 2, 1),
('52545592E', 522, '5106CKB', 28927, 1, 1),
('65646762R', 196, '5252QLM', 29061, 3, 1),
('38652939J', 366, '6231CCF', 29104, 3, 1),
('00104282T', 391, '7068EIK', 29169, 1, 1),
('88255645E', 210, '6740CTP', 29211, 3, 1),
('45114091M', 246, '2845QHT', 29264, 2, 1),
('01977369J', 49, '9145HPY', 29292, 2, 1),
('72315739J', 272, '8119WOZ', 29349, 3, 1),
('67654782Y', 320, '8893CLJ', 29443, 1, 1),
('26045288L', 585, '8071WKY', 29721, 3, 1),
('41993931W', 585, '6530OHK', 29753, 1, 1),
('87868221X', 50, '0257LYG', 29804, 3, 1),
('62644243V', 100, '5468ELL', 30037, 1, 1),
('21154121D', 288, '8919OZU', 30050, 2, 1),
('10192531N', 20, '9584JYY', 30104, 2, 1),
('94846931Z', 484, '6696CTV', 30171, 1, 1),
('03683050Z', 526, '4169HQV', 30388, 1, 1),
('94110692M', 447, '0097TDL', 30788, 2, 1),
('62731853C', 169, '2072KQU', 31200, 2, 1),
('64997666B', 423, '7817DIW', 31659, 1, 1),
('13154503K', 399, '0361TXL', 31697, 1, 1),
('13554746H', 308, '7445EZR', 31812, 3, 1),
('47949937C', 104, '1115KSF', 31978, 3, 1),
('94005674M', 549, '9776XSY', 32078, 1, 1),
('31303254R', 271, '5682XVM', 32098, 1, 1),
('04051793K', 98, '0942RBZ', 32151, 3, 1),
('59992880W', 18, '4056FMX', 32253, 1, 1),
('76184971R', 410, '2229NIM', 32362, 3, 1),
('29829247H', 416, '3861NDK', 32601, 1, 1),
('11554290X', 566, '4418DQU', 32628, 3, 1),
('83717766C', 248, '7728ITN', 32742, 3, 1),
('61812920Y', 488, '1665GSB', 33378, 3, 1),
('86020215P', 558, '0676SIJ', 33454, 1, 1),
('50302910R', 54, '2375XNR', 33467, 2, 1),
('71537797T', 226, '9285HME', 33785, 3, 1),
('07425874W', 475, '3163SCF', 33811, 2, 1),
('15810710G', 424, '4455XSK', 33854, 3, 1),
('96289977V', 201, '5364XJC', 34165, 3, 1),
('14172907P', 72, '7333DSZ', 34230, 1, 1),
('92383121X', 41, '2639OIK', 34296, 3, 1),
('92801661L', 173, '9661CRL', 34474, 2, 1),
('59451466P', 15, '2524RWZ', 35022, 1, 1),
('13095966L', 456, '3171PQW', 35237, 1, 1),
('68442248K', 97, '9599QNF', 35622, 1, 1),
('02303226Y', 359, '5438NMM', 35628, 3, 1),
('07108881H', 281, '3285CZU', 35870, 2, 1),
('58412415M', 365, '4199XXK', 35905, 3, 1),
('02470028N', 451, '3786NFQ', 36065, 1, 1),
('15646268N', 287, '9186HDH', 36396, 3, 1),
('98971075M', 194, '0835DEQ', 36458, 2, 1),
('78038700E', 88, '8747BEU', 36463, 1, 1),
('95496249L', 562, '8903OEQ', 36547, 2, 1),
('35889053Z', 310, '4172FEX', 36822, 2, 1),
('56199691L', 120, '1867NKK', 36889, 2, 1),
('32753373Q', 63, '2313EPI', 37106, 2, 1),
('13117792H', 377, '5826DXM', 37134, 3, 1),
('42839709R', 215, '1550HSN', 37217, 3, 1),
('06757093S', 2, '7965KFR', 37590, 2, 1),
('71301359W', 475, '2632YYP', 37601, 1, 1),
('21848359S', 38, '2484PIT', 37641, 3, 1),
('03096233L', 10, '4258CVR', 37726, 2, 1),
('84275248M', 392, '1039NZK', 37818, 3, 1),
('99265085Y', 575, '3165YAD', 37921, 1, 1),
('32094930V', 101, '3026ZGL', 38281, 3, 1),
('09788889C', 579, '0528PCM', 38418, 3, 1),
('89578385D', 480, '9338GLQ', 38549, 2, 1),
('98929289X', 345, '2317HMM', 38764, 1, 1),
('23612891X', 107, '1868MQG', 38874, 1, 1),
('53944124Q', 50, '9672SVZ', 39130, 1, 1),
('06500228Z', 138, '5487WUY', 39273, 1, 1),
('25020945G', 429, '7305HKP', 39454, 3, 1),
('10007987C', 42, '5162TNW', 39765, 1, 1),
('40762240F', 595, '1264AFH', 39813, 3, 1),
('13569885T', 240, '2551ZMJ', 39957, 2, 1),
('15024969N', 433, '4391UKA', 40061, 3, 1),
('46176077N', 504, '1453MEG', 40129, 3, 1),
('62678989X', 497, '5681KYZ', 40194, 3, 1),
('93706046K', 147, '4028LDL', 40240, 2, 1),
('63506747K', 424, '9518MJH', 40547, 2, 1),
('22904617K', 470, '9875UKU', 40638, 2, 1),
('84719062B', 589, '4173ODD', 41006, 3, 1),
('26934841R', 412, '4705TJN', 41624, 3, 1),
('79101392E', 27, '4565WHI', 41819, 2, 1),
('33138873J', 442, '0416UDK', 41849, 1, 1),
('31735650C', 233, '8265UMC', 41931, 3, 1),
('50096949M', 329, '7619EJQ', 42119, 2, 1),
('41265045D', 468, '9441CTV', 42328, 1, 1),
('29128234E', 86, '1795WAI', 42444, 3, 1),
('83711910Y', 226, '8430YIO', 42491, 1, 1),
('22358177S', 137, '8109MHX', 42614, 2, 1),
('94949629V', 263, '6623XRZ', 42975, 1, 1),
('41679944B', 399, '5204DEQ', 43045, 2, 1),
('19331404L', 532, '7146CJI', 43429, 1, 1),
('18582792B', 275, '5244SHN', 43568, 3, 1),
('57925083C', 3, '7929RVP', 43579, 1, 1),
('06984235D', 385, '0494DMP', 43803, 3, 1),
('83759416V', 260, '1755CIB', 43995, 3, 1),
('93499326W', 535, '5278HIT', 44077, 3, 1),
('60985564Y', 156, '6360LGX', 44344, 1, 1),
('11486043G', 370, '7462KMT', 44346, 2, 1),
('34924025C', 455, '3576MOH', 44536, 3, 1),
('18097583X', 525, '4164NGK', 44788, 2, 1),
('46687900Q', 598, '5256EBV', 44893, 3, 1),
('36482612N', 235, '0113IVU', 45001, 3, 1),
('51109293G', 182, '3991LUZ', 45017, 3, 1),
('60519651G', 170, '5996BUX', 45220, 2, 1),
('80271163J', 200, '7139ZHA', 45439, 3, 1),
('54162117S', 355, '2876UUM', 45480, 3, 1),
('17310079A', 47, '9558SZS', 45502, 2, 1),
('46621000T', 431, '1216ZFZ', 45524, 3, 1),
('32632669Q', 224, '6253CJY', 45697, 1, 1),
('51130412D', 532, '8471OYQ', 45879, 2, 1),
('84256190Z', 547, '5836JUH', 45947, 2, 1),
('67623522A', 261, '5835NQB', 46095, 2, 1),
('05735892Z', 34, '0837OIC', 46269, 2, 1),
('36702555Y', 64, '6922FJD', 46430, 1, 1),
('38887731K', 297, '0040XVH', 46458, 2, 1),
('19386866M', 293, '8055NGK', 46516, 2, 1),
('15593422C', 219, '7358UWB', 47079, 3, 1),
('67819016C', 127, '8134WIG', 48045, 3, 1),
('17141493F', 318, '1620QNE', 48058, 1, 1),
('92144673A', 517, '4769KWW', 48079, 3, 1),
('96564378M', 550, '9371DFK', 48113, 2, 1),
('72115778Z', 518, '2346OOE', 48141, 1, 1),
('72021280T', 447, '1454SLM', 48252, 1, 1),
('34396950J', 573, '9263QRW', 48279, 3, 1),
('84790545X', 590, '5465JFU', 48309, 3, 1),
('90003595H', 317, '5058XOI', 48442, 3, 1),
('51225831R', 410, '9045ZHN', 48466, 2, 1),
('33404729N', 141, '3479OIC', 48479, 3, 1),
('84970895V', 251, '8089GWQ', 48533, 3, 1),
('74764148A', 437, '7375JVC', 48585, 3, 1),
('77029608D', 190, '7869AKR', 48782, 3, 1),
('03100957M', 78, '6729WAD', 48955, 1, 1),
('70746787Y', 72, '3642GWB', 49038, 2, 1),
('64204729E', 434, '3065ZNJ', 49346, 1, 1),
('86204942E', 240, '0545JVL', 49406, 3, 1),
('63394109Z', 9, '6456OPE', 49454, 3, 1),
('22876576V', 443, '1961KHC', 49598, 1, 1),
('69476134B', 101, '1634EMH', 49854, 2, 1),
('00706529S', 407, '6726VLT', 49892, 2, 1),
('04651501G', 216, '1253EHY', 50555, 2, 1),
('93831164L', 508, '3995TIY', 50606, 1, 1),
('29866213T', 490, '5771SNA', 50620, 2, 1),
('62758517G', 118, '6850ETQ', 51198, 2, 1),
('55455516D', 289, '4393TTB', 51736, 3, 1),
('17777578G', 210, '1734AKX', 51971, 2, 1),
('92853681J', 193, '9557WTH', 52054, 1, 1),
('35977867W', 80, '0228NUE', 52083, 3, 1),
('92211359N', 249, '7054GNS', 52093, 3, 1),
('01148803E', 296, '0003FHH', 52156, 3, 1),
('08005088F', 225, '4593TPD', 52177, 3, 1),
('33408254H', 132, '3140MXE', 52242, 1, 1),
('90177079J', 266, '2420LBC', 52244, 3, 1),
('95290072Z', 262, '2581CCX', 52341, 2, 1),
('35778222C', 76, '1628OJG', 52344, 1, 1),
('91024250W', 136, '1921BTG', 52348, 3, 1),
('86360304L', 324, '8581WMM', 52546, 1, 1),
('54039220F', 375, '0528TFO', 52548, 2, 1),
('72180432S', 575, '3231NFH', 52677, 2, 1),
('99397181J', 12, '6808WNQ', 53065, 2, 1),
('50958150V', 322, '0876LYR', 53357, 1, 1),
('54835683A', 487, '2313GMK', 53397, 3, 1),
('69762235S', 369, '4073GPH', 53406, 3, 1),
('58554957Q', 211, '7434MRB', 53412, 3, 1),
('18546122A', 395, '9511JHM', 53469, 2, 1),
('25838179W', 115, '9812LFZ', 53497, 1, 1),
('86515353W', 155, '6595XUS', 53596, 1, 1),
('34696439L', 309, '8880BBW', 53603, 2, 1),
('72964282W', 493, '6613BED', 53775, 1, 1),
('49212042T', 527, '1286GJN', 53899, 2, 1),
('91290931K', 208, '8617ORA', 54025, 1, 1),
('90687735T', 252, '1057RUC', 54067, 3, 1),
('49595924N', 582, '3931WCC', 54242, 1, 1),
('73749504G', 215, '1444QNX', 54723, 1, 1),
('55384518N', 489, '1307IOF', 54727, 1, 1),
('50405704P', 58, '2030CFT', 54909, 2, 1),
('29126486E', 355, '8722EGM', 55121, 2, 1),
('36037456K', 11, '5897AKR', 55234, 3, 1),
('47216627L', 51, '2517VSL', 55543, 1, 1),
('05607859E', 238, '7502EVY', 55614, 2, 1),
('60490632B', 283, '8526DBH', 55653, 1, 1),
('19878959J', 576, '7258XDH', 55746, 3, 1),
('83969332N', 133, '9689AZD', 56048, 3, 1),
('38880820X', 70, '0194PTS', 56057, 1, 1),
('47366288L', 520, '5143PWE', 56076, 3, 1),
('09117694B', 48, '4882HIV', 56112, 1, 1),
('25116273C', 567, '8537RPP', 56271, 2, 1),
('27860343Y', 321, '3470JNM', 56359, 2, 1),
('03663120W', 588, '4797LXF', 56551, 2, 1),
('47083965K', 117, '7061FQP', 56651, 3, 1),
('74722306K', 223, '7183BGF', 56742, 2, 1),
('63631839Q', 384, '0255JWY', 56772, 1, 1),
('71230816T', 53, '9797AAM', 57114, 3, 1),
('15322068C', 143, '3771JYL', 57222, 2, 1),
('09150633Z', 437, '3776ZOZ', 57320, 1, 1),
('79249018B', 591, '5448APJ', 57332, 2, 1),
('23093531J', 17, '7644AMB', 57360, 1, 1),
('69928693E', 280, '4660ADO', 57524, 1, 1),
('87932972Q', 282, '5270WZF', 57667, 3, 1),
('92875556S', 569, '1337TAW', 57705, 3, 1),
('79179062K', 438, '5187XGY', 57723, 1, 1),
('82779324R', 218, '8046SRX', 57813, 1, 1),
('58501526Z', 92, '5821YAC', 57916, 2, 1),
('80960885B', 239, '0604PVL', 57976, 2, 1),
('82353492Z', 485, '1061KLI', 58081, 1, 1),
('16796212W', 164, '2111QDY', 58124, 2, 1),
('89022832K', 498, '7265PXL', 58143, 3, 1),
('04566678M', 272, '7925DFH', 58211, 2, 1),
('40665167V', 276, '1348GJC', 58340, 2, 1),
('76035641X', 466, '3329DJB', 58415, 2, 1),
('97405259Y', 563, '0273GHO', 58660, 3, 1),
('82688969J', 113, '6684HXE', 58725, 1, 1),
('28983883L', 447, '3367IZH', 58775, 3, 1),
('90428594T', 205, '7384KJL', 58811, 3, 1),
('13327485C', 8, '0636CDK', 59114, 3, 1),
('76467319R', 389, '0490IYZ', 59535, 3, 1),
('22582046W', 471, '5663MAK', 59565, 2, 1),
('81815865N', 274, '2878PTB', 59777, 3, 1),
('99608312G', 290, '6341CSZ', 60006, 1, 1),
('03621860G', 587, '9342MJP', 60265, 2, 1),
('24842291Z', 82, '7196UCX', 60273, 1, 1),
('53274277K', 135, '2756WVW', 60309, 3, 1),
('49513350P', 583, '1095CID', 60484, 2, 1),
('92066899S', 583, '1703VJV', 60624, 1, 1),
('70253303X', 212, '7170NZQ', 60714, 2, 1),
('08843396B', 546, '9407GAM', 60786, 3, 1),
('72851371K', 296, '1681EQA', 61102, 2, 1),
('39371663X', 319, '3716OUG', 61122, 3, 1),
('42260578X', 521, '6240XGI', 61226, 1, 1),
('30102752F', 503, '8126OUB', 61372, 2, 1),
('94259750T', 256, '5273CSV', 61734, 1, 1),
('36114363Q', 259, '4397RHV', 62018, 2, 1),
('69532589R', 290, '9150GEC', 62078, 2, 1),
('35918385K', 562, '5738FXL', 62339, 3, 1),
('38662717Q', 159, '0633ZGH', 62402, 2, 1),
('33395170K', 361, '1681YAJ', 62664, 1, 1),
('69184595C', 200, '8883NGZ', 62878, 2, 1),
('18436249R', 255, '6656QTI', 62899, 2, 1),
('25160369W', 45, '2135WDD', 63013, 1, 1),
('91393701G', 189, '9337HWE', 63267, 3, 1),
('80780774J', 405, '9751IBR', 63395, 2, 1),
('49867630L', 550, '6791IHY', 63645, 1, 1),
('11998081Q', 204, '6023LIG', 63762, 2, 1),
('24256062D', 268, '8154CMR', 63812, 2, 1),
('02593139G', 91, '9427YQY', 63862, 2, 1),
('65125637X', 457, '7504GAH', 64045, 1, 1),
('68775776A', 495, '9710FGU', 64127, 3, 1),
('70591955X', 46, '6223LKO', 64757, 3, 1),
('50250867F', 449, '3303LWA', 64953, 1, 1),
('21040185S', 385, '5361LHP', 64985, 2, 1),
('87172759E', 266, '4620SRF', 65129, 2, 1),
('08204252Z', 516, '1384EGP', 65312, 3, 1),
('18814016Q', 433, '1333RUV', 65522, 1, 1),
('58229346Q', 565, '0639JGX', 65530, 2, 1),
('02198190B', 74, '6066JDB', 65691, 3, 1),
('44469880R', 225, '7320NQD', 65973, 2, 1),
('13088854Z', 562, '0691LVR', 66175, 1, 1),
('56170247S', 168, '8271DUQ', 66243, 2, 1),
('55416827Y', 204, '7332HHH', 66322, 3, 1),
('26741440F', 106, '6676KTM', 66725, 1, 1),
('83339494Y', 379, '1748FKC', 66734, 2, 1),
('76792627C', 554, '5590NPC', 67000, 3, 1),
('18798454W', 492, '5066KPU', 67011, 3, 1),
('77873383Y', 155, '6849BQY', 67186, 3, 1),
('36209006Z', 354, '8456RVI', 67194, 1, 1),
('20839298X', 301, '4150OFG', 67320, 3, 1),
('29927646T', 214, '5227MRS', 67385, 3, 1),
('11568861E', 421, '9540XYZ', 67464, 3, 1),
('36651357Y', 365, '6387YYM', 67670, 1, 1),
('00830985H', 348, '6547PHR', 67804, 3, 1),
('94644720L', 157, '7583LWX', 67906, 3, 1),
('85674027Q', 323, '0621JIB', 67923, 3, 1),
('44751217W', 516, '0761IAK', 67932, 1, 1),
('68050973E', 430, '0146GOU', 67971, 3, 1),
('41084545J', 256, '4386OBJ', 68425, 2, 1),
('29241278K', 415, '5671TFW', 68434, 2, 1),
('12073948Y', 137, '3616OSI', 68648, 1, 1),
('46140165A', 310, '7238NFT', 68793, 3, 1),
('28909775V', 19, '0638BXQ', 68839, 1, 1),
('31437100X', 41, '0798HYO', 69186, 2, 1),
('55215922Y', 574, '4423YAD', 69229, 3, 1),
('06220442T', 546, '1123MJF', 69660, 1, 1),
('50287588C', 363, '9481ADZ', 69780, 2, 1),
('66769595C', 115, '0786VOW', 69840, 3, 1),
('90073310C', 63, '0838BEI', 69898, 3, 1),
('39689462H', 104, '1505TLK', 70088, 2, 1),
('47296453N', 465, '9765TIA', 70174, 3, 1),
('96395950Y', 185, '0874CNC', 70587, 3, 1),
('66754905G', 580, '9860TLW', 70950, 3, 1),
('39967608W', 456, '7121LHZ', 71119, 2, 1),
('62300141H', 126, '1843BRF', 71292, 1, 1),
('29359807P', 461, '3306WCL', 71355, 1, 1),
('81036605S', 92, '3949JDI', 71360, 1, 1),
('66908351V', 558, '5180ZGQ', 71447, 3, 1),
('42762341M', 319, '6393WBD', 71543, 1, 1),
('81451020Q', 380, '9436ORF', 72060, 2, 1),
('27729544P', 375, '5833KGL', 72167, 3, 1),
('63165190Z', 508, '7717NWM', 72399, 3, 1),
('34543668Z', 195, '9883TOA', 72458, 1, 1),
('37982159M', 213, '4672YQQ', 72499, 3, 1),
('79378232B', 506, '2664RGC', 72505, 1, 1),
('35696340H', 269, '8133ACO', 72540, 3, 1),
('10861858Q', 194, '4052ZSS', 72649, 3, 1),
('32011926C', 404, '6709WJE', 72993, 2, 1),
('17354997W', 230, '2597GLI', 73032, 1, 1),
('12667878F', 336, '0349MBK', 73994, 1, 1),
('38380732B', 164, '8691CXM', 74061, 3, 1),
('16178879N', 546, '9117AEZ', 74107, 2, 1),
('52717706G', 94, '6967DTD', 74147, 1, 1),
('76744751F', 267, '7653YQJ', 74231, 2, 1),
('50949446F', 188, '4025BYU', 74474, 3, 1),
('89063329S', 109, '6385VCG', 74590, 2, 1),
('95875236N', 545, '1262CNO', 74591, 2, 1),
('78257201T', 556, '0800AVU', 74768, 2, 1),
('81904722C', 252, '7317PFN', 74858, 2, 1),
('90600600N', 377, '8588OIM', 74921, 2, 1),
('99544472N', 490, '5973MDH', 74922, 1, 1),
('09350374T', 414, '3718SFZ', 75094, 2, 1),
('33892456R', 39, '2036GLN', 75323, 1, 1),
('80141263V', 571, '9383GYO', 75628, 3, 1),
('28475107A', 337, '6676LFD', 76094, 3, 1),
('16777033M', 214, '4339YKB', 76246, 2, 1),
('38205081B', 359, '0833ZIL', 76404, 1, 1),
('73290767W', 72, '0095WQS', 76459, 3, 1),
('11501227P', 242, '9271CRI', 76663, 1, 1),
('30497600Z', 58, '8334HBB', 76943, 3, 1),
('16735423W', 549, '8016NFM', 77013, 2, 1),
('61461674Q', 90, '4899NCE', 77067, 2, 1),
('56569005E', 307, '5767XRQ', 77211, 1, 1),
('01275679F', 385, '4171NUE', 77241, 1, 1),
('97876635C', 109, '4643PZO', 77277, 1, 1),
('36510404C', 156, '5937FSU', 77450, 2, 1),
('57443652W', 269, '7857AGW', 77635, 1, 1),
('30445509H', 344, '5158SID', 77920, 1, 1),
('31528181B', 188, '4308GDC', 78111, 1, 1),
('60876275J', 60, '1015LLU', 78210, 3, 1),
('21038065B', 208, '8251ZPN', 78301, 2, 1),
('03978204D', 464, '1335ZMU', 78492, 3, 1),
('46581487R', 449, '2549PDY', 78753, 3, 1),
('00367243W', 22, '2182RPO', 78768, 2, 1),
('80867384M', 77, '1298YXX', 78808, 2, 1),
('70904444K', 79, '7578EDN', 78867, 1, 1),
('23380659D', 10, '7560DIM', 79245, 3, 1),
('16969392S', 295, '5073ESC', 79395, 3, 1),
('31959660X', 458, '6356BKP', 79550, 1, 1),
('30810648D', 440, '8760LAG', 79639, 2, 1),
('77391005F', 588, '4541HVY', 79668, 3, 1),
('49980686F', 373, '9590YXH', 79819, 2, 1),
('73186947G', 517, '9385QCS', 79843, 2, 1),
('18113208H', 40, '0418STW', 79854, 1, 1),
('62237339Y', 509, '6577QSY', 79904, 1, 1),
('94703419E', 103, '5313ODP', 80274, 2, 1),
('74826351Z', 16, '1340OYI', 80342, 1, 1),
('76997523D', 384, '9795BOU', 80529, 2, 1),
('81434642Z', 267, '9096DOO', 80569, 3, 1),
('38496540Z', 329, '5663GAL', 80827, 1, 1),
('74574808E', 557, '7340PJS', 80863, 2, 1),
('20527487X', 314, '7801EEQ', 80888, 3, 1),
('93138733A', 46, '2733LDH', 81109, 2, 1),
('68423717M', 531, '9889VTH', 81224, 1, 1),
('55926407K', 210, '1464FAX', 81292, 1, 1),
('31876824C', 574, '6725OBF', 81344, 2, 1),
('70950961D', 96, '5753UNU', 81721, 3, 1),
('07412819B', 258, '6131WBQ', 82201, 1, 1),
('13477370Z', 89, '6328OQH', 82238, 2, 1),
('55363296L', 171, '7618CZE', 82840, 1, 1),
('46300209J', 512, '5643OON', 83049, 1, 1),
('35198774B', 344, '7989EBZ', 83581, 2, 1),
('09288299W', 217, '6043VFX', 83851, 1, 1),
('58427576D', 531, '3434HKF', 84048, 2, 1),
('64145531A', 578, '1993FBO', 84298, 2, 1),
('87324966S', 55, '7249MDP', 84386, 1, 1),
('88585512T', 44, '5010NWB', 84732, 1, 1),
('53243532G', 66, '6405OPK', 84794, 2, 1),
('55483150C', 531, '5501LUE', 84936, 3, 1),
('94973814Y', 332, '7193DOR', 85273, 1, 1),
('70001833E', 56, '1872XAZ', 85505, 2, 1),
('40824579Q', 12, '3349XRF', 85616, 3, 1),
('61751742P', 400, '6189PDC', 85651, 1, 1),
('87731902N', 586, '4692TQT', 85663, 1, 1),
('30057161W', 507, '6824XQG', 86099, 2, 1),
('88719556T', 253, '3319OMY', 86458, 1, 1),
('66076449W', 537, '1891HUM', 86472, 2, 1),
('61032381H', 516, '4441LXF', 86489, 2, 1),
('75548111B', 101, '9875HPT', 87302, 1, 1),
('32360516E', 13, '2392PWO', 87832, 2, 1),
('47534050L', 463, '4850PAR', 87880, 2, 1),
('15686638V', 314, '5115MGS', 87958, 1, 1),
('60100697H', 132, '0457EBD', 88454, 3, 1),
('10219706R', 328, '8926EKN', 88463, 1, 1),
('88315200F', 142, '3654ZFN', 88494, 3, 1),
('66882952X', 483, '4678CNS', 88532, 2, 1),
('47844799S', 238, '7152OKW', 88626, 1, 1),
('62004806A', 389, '4173KEX', 88656, 2, 1),
('74891646N', 345, '4509AFW', 88657, 2, 1),
('13738002X', 28, '1310KQP', 88770, 1, 1),
('05387296Y', 465, '7541ZXM', 88813, 2, 1),
('00067050M', 507, '9047YNI', 89216, 3, 1),
('49898863H', 180, '9548UQF', 89438, 2, 1),
('90810441R', 16, '3904LIB', 89462, 2, 1),
('22678907X', 140, '5567GNO', 89479, 2, 1),
('54006525H', 426, '8582NSD', 89503, 3, 1),
('56406757Q', 458, '0957LNT', 89576, 3, 1),
('08719652F', 441, '8041XIR', 89797, 1, 1),
('11663495B', 131, '6036BES', 90040, 1, 1),
('55587309N', 298, '2417KOM', 90256, 3, 1),
('66387488N', 141, '9380VVV', 90300, 1, 1),
('99195381S', 390, '4715ZGI', 90366, 1, 1),
('04178220V', 511, '0851ENB', 90761, 1, 1),
('62392147R', 37, '8577SNF', 91269, 1, 1),
('74612664C', 15, '2036HTQ', 91341, 3, 1),
('42710607K', 240, '8355JUS', 91414, 1, 1),
('46945172X', 325, '1136GDO', 91422, 1, 1),
('00199066R', 502, '4920QAQ', 91479, 1, 1),
('36334965W', 495, '9785XFQ', 91554, 2, 1),
('68215181X', 497, '6424BYL', 91647, 2, 1),
('72568863E', 3, '1246HXD', 91790, 2, 1),
('75262174X', 9, '7657HLM', 91817, 1, 1),
('44543553M', 182, '3806TPF', 91986, 1, 1),
('58414260X', 37, '6011OOF', 92012, 3, 1),
('16219891S', 514, '2365ESJ', 92022, 3, 1),
('49262811P', 80, '0287FXK', 92139, 2, 1),
('53829092F', 237, '6449DDP', 92301, 1, 1),
('98126714C', 396, '0769YYW', 92340, 2, 1),
('83507086C', 561, '8562ANC', 92510, 1, 1),
('87012084W', 366, '8317VID', 92557, 1, 1),
('90018131H', 248, '8104KPR', 92805, 1, 1),
('50426790A', 208, '5422IHF', 92922, 3, 1),
('44053468G', 496, '5787DSV', 93010, 1, 1),
('33499229M', 2, '8535RZG', 93114, 3, 1),
('37414476P', 258, '5159CSN', 93279, 3, 1),
('44100909L', 249, '5858EQZ', 93291, 2, 1),
('94417064V', 273, '9897YKV', 93582, 2, 1),
('17387505B', 468, '8904IOL', 93731, 3, 1),
('36345871Y', 582, '8037RWF', 93891, 3, 1),
('39993678J', 501, '4947SXQ', 94109, 2, 1),
('32893148C', 541, '6120TMF', 94208, 1, 1),
('37692857C', 339, '1758GGM', 94508, 1, 1),
('77360512N', 444, '2364YHY', 94659, 3, 1),
('05529682E', 157, '7285BEA', 94663, 1, 1),
('56833825C', 59, '8066OTX', 94760, 3, 1),
('46358036H', 400, '8139MTA', 94926, 2, 1),
('67187527L', 21, '4764IAZ', 94990, 3, 1),
('73438648Q', 91, '4805QRR', 95339, 3, 1),
('41743073M', 330, '1605CTB', 95406, 2, 1),
('70546683W', 334, '4567OAI', 95529, 1, 1),
('24793903H', 338, '3927IHH', 96195, 2, 1),
('67247857C', 420, '7904XXE', 96276, 3, 1),
('07803148F', 222, '8781RLQ', 96439, 1, 1),
('97639802H', 594, '1613BGV', 96474, 1, 1),
('39490146C', 235, '4014KPU', 96537, 1, 1),
('71976977H', 464, '5881LIM', 96558, 1, 1),
('81435375B', 471, '3269EHA', 96849, 3, 1),
('12921767E', 530, '3047XOQ', 97164, 2, 1),
('37164807G', 67, '7470QZO', 97209, 2, 1),
('63401987A', 384, '5683BUC', 97224, 3, 1),
('41190574N', 305, '5433OFA', 97270, 3, 1),
('39745013R', 108, '5682MEF', 97507, 1, 1),
('48364957M', 8, '4526XXQ', 97589, 1, 1),
('10110050D', 395, '7823VLD', 97765, 3, 1),
('63825074M', 599, '6611BFP', 97778, 1, 1),
('36513180J', 592, '6513UQC', 98039, 3, 1),
('18635915G', 555, '7861LGB', 98416, 3, 1),
('94272779B', 467, '1512XZC', 98623, 3, 1),
('06125235J', 308, '5672MGF', 98722, 1, 1),
('78337000N', 414, '0567IQP', 98726, 3, 1),
('21488952Y', 19, '9472PEP', 98839, 2, 1),
('64819715B', 148, '1013FLF', 98951, 2, 1),
('31962216J', 241, '0817DVT', 98988, 3, 1),
('58255571K', 543, '6408SRS', 99307, 3, 1),
('75686126A', 302, '8121HVE', 99343, 3, 1),
('34784068H', 524, '1834PPK', 99551, 3, 1),
('38924198X', 74, '5092DOE', 99670, 2, 1),
('72551014K', 105, '0923NXM', 99728, 1, 1),
('51071568E', 477, '3318AZH', 99780, 3, 1),
('79048091N', 241, '3255DDC', 99809, 2, 1),
('80169548N', 335, '4477PQB', 99813, 3, 1),
('47449653D', 53, '1477OYO', 99819, 2, 1);

-- --------------------------------------------------------

--
-- Estructura de tabla para la tabla `usuarios`
--

CREATE TABLE IF NOT EXISTS `usuarios` (
  `tipo` varchar(15) COLLATE utf8_spanish_ci NOT NULL,
  `nombre_usuario` varchar(20) COLLATE utf8_spanish_ci NOT NULL,
  `contrasenya` varchar(20) COLLATE utf8_spanish_ci NOT NULL,
  `cod_garaje` int(1) NOT NULL,
  `nombre` varchar(20) COLLATE utf8_spanish_ci NOT NULL,
  `apellidos` varchar(50) COLLATE utf8_spanish_ci DEFAULT NULL,
  `f_nac` date NOT NULL,
  `direccion` varchar(100) COLLATE utf8_spanish_ci DEFAULT NULL,
  `telefono` int(9) DEFAULT NULL,
  PRIMARY KEY (`nombre_usuario`),
  KEY `cod_garaje` (`cod_garaje`)
) ENGINE=InnoDB DEFAULT CHARSET=utf8 COLLATE=utf8_spanish_ci;

--
-- Volcado de datos para la tabla `usuarios`
--

INSERT INTO `usuarios` (`tipo`, `nombre_usuario`, `contrasenya`, `cod_garaje`, `nombre`, `apellidos`, `f_nac`, `direccion`, `telefono`) VALUES
('MECANICO', 'A_Karan_96', 'a1234567', 1, 'Aniruddha', 'Karan', '1996-05-09', 'Callejon Trasbalsi atracalli portaments, 46 4F', 796954978),
('MECANICO', 'abernardeschi17', 'QUnkBS', 1, 'Amelie', 'Bernardeschi', '1981-07-07', '72935 Kensington Road', 633804626),
('MECANICO', 'abrill26', 'RPvcCOFCxQ3', 1, 'Anni', 'Brill', '1981-02-09', '0 Oriole Hill', 876564062),
('MECANICO', 'acirlos1x', 'nATMfnD', 1, 'Annadiane', 'Cirlos', '1989-01-01', '92672 Larry Park', 804720380),
('LIMPIEZA', 'acockrem21', 'VOZp0L', 2, 'Anabelle', 'Cockrem', '1974-12-22', '41 Bayside Way', 144931531),
('MECANICO', 'acurreyo', 'vE5YT40XuaZ', 2, 'Alisander', 'Currey', '1990-01-11', '85672 Barnett Hill', 165632671),
('SEGURIDAD', 'adahmel1x', 'k3bJLrF', 1, 'Ami', 'Dahmel', '1985-10-09', '350 Grasskamp Point', 266453484),
('ADMINISTRADOR', 'admin1', 'admin1', 1, 'Maria', 'Nikephoros Kokhop', '1994-04-18', 'Urbanizacion Refonguessen bufetejos esbrinaran digitat, 124 1H', 247483647),
('ADMINISTRADOR', 'admin2', 'admin2', 2, 'Dhayiaq', 'Dzasih', '1994-11-14', 'Cuesta Enllefernassis acanareu parafinassis postimpressionisme, 21 18D', 745482561),
('ADMINISTRADOR', 'admin3', 'admin3', 3, 'Matte', 'Hanna', '1997-10-23', 'Pasadizo Gatejareu, 76A', 345920923),
('SEGURIDAD', 'aextilz', 'vCgrGy', 1, 'Anthea', 'Extil', '1971-06-23', '6 Dixon Lane', 759641945),
('LIMPIEZA', 'agostage2c', 'Jh04BvNN', 3, 'Arri', 'Gostage', '1992-02-22', '243 Fuller Avenue', 513996007),
('SEGURIDAD', 'ajennrich3', 'QEB2LMHe', 2, 'Alanah', 'Jennrich', '1980-06-04', '68 Mitchell Alley', 334764578),
('MECANICO', 'akabsch16', 'Z3pkmu', 1, 'Arlee', 'Kabsch', '1971-06-29', '94 Beilfuss Pass', 323874359),
('MECANICO', 'amoggan1u', 'X9d0Tjvq2DfS', 1, 'Adriane', 'Moggan', '1970-08-29', '18 Hayes Terrace', 219123539),
('MECANICO', 'aogleasane1b', 'Sqp2qAmq', 3, 'Allard', 'O''Gleasane', '1985-02-13', '7526 Russell Junction', 555937511),
('MECANICO', 'aosband2a', 'eCfFYUiq4be', 3, 'Andriana', 'Osband', '1994-11-17', '2861 1st Trail', 881496923),
('SEGURIDAD', 'apaffot1p', 'sdADROJRJ5X', 1, 'Allin', 'Paffot', '1984-07-29', '32750 Elka Junction', 859090124),
('MECANICO', 'apalingm', '8ly2mztoN8s', 3, 'Ambur', 'Paling', '1981-11-28', '64 Merrick Junction', 773745787),
('SEGURIDAD', 'apenright8', 'ek2ukv8UNU', 3, 'Adela', 'Penright', '1981-07-15', '052 Carioca Terrace', 359230926),
('SEGURIDAD', 'apinkard1q', '1ejRMhAJ1eTl', 3, 'Aldo', 'Pinkard', '1979-12-25', '433 Pine View Trail', 557868995),
('LIMPIEZA', 'apottle1l', 'LSVqwQu', 3, 'Aharon', 'Pottle', '1993-10-13', '947 Corben Place', 775397501),
('MECANICO', 'apurryi', 'nKI0rO', 3, 'Allsun', 'Purry', '1992-09-20', '26576 Delaware Street', 115208083),
('SEGURIDAD', 'ariccard2o', '1dl2QJW', 3, 'Aland', 'Riccard', '1986-07-09', '86564 Buhler Place', 24564525),
('SEGURIDAD', 'arohlfs28', 'eCHtOPoC', 2, 'Archambault', 'Rohlfs', '1971-05-20', '0 Summer Ridge Circle', 399196780),
('SEGURIDAD', 'arollett6', '0ug1IMNWTfO', 1, 'Alisander', 'Rollett', '1978-08-24', '29 Ryan Plaza', 967117402),
('MECANICO', 'asatteford6', '5HnB4VU', 3, 'Allyce', 'Satteford', '1997-03-14', '537 Arapahoe Park', 992144261),
('LIMPIEZA', 'asawbridge3', 'HmqZqr', 3, 'Ambros', 'Sawbridge', '1985-10-14', '38970 Sachs Drive', 913843876),
('MECANICO', 'asemkins2g', 't3L0CFzxk', 2, 'Adamo', 'Semkins', '1995-04-01', '5795 Londonderry Pass', 587517231),
('MECANICO', 'aswinley9', 'IPfOmX', 1, 'Athene', 'Swinley', '1984-01-05', '52715 Hoepker Drive', 772832986),
('SEGURIDAD', 'asyceg', '659gQPD9', 1, 'Arielle', 'Syce', '1980-07-11', '7146 Artisan Lane', 392600927),
('LIMPIEZA', 'atreffrey11', 'bNhAopEI4XLL', 3, 'Ardyce', 'Treffrey', '1978-12-30', '40 Village Green Street', 819715056),
('LIMPIEZA', 'avanlint1h', 'JYgukmfNZ', 1, 'Ashley', 'Vanlint', '1973-08-10', '9471 Tennyson Point', 434404023),
('LIMPIEZA', 'babadam17', 'zCWXyBYPFuG', 2, 'Bettye', 'Abadam', '1987-04-09', '1 Lakewood Plaza', 644959807),
('SEGURIDAD', 'bbartholomew9', 'euKnKgh6uFE', 1, 'Brianne', 'Bartholomew', '1974-03-05', '0 Vera Way', 681575579),
('LIMPIEZA', 'bbroadwellz', 'FytunJFIXvY', 1, 'Bran', 'Broadwell', '1972-08-15', '4 Dixon Crossing', 359966039),
('MECANICO', 'bcamockel', 'mVuz2HS4', 1, 'Brett', 'Camocke', '1982-08-10', '33869 Blackbird Avenue', 566511424),
('LIMPIEZA', 'bcarlensr', 'Yy36dJG', 3, 'Bernete', 'Carlens', '1974-01-17', '1 Sauthoff Center', 177483914),
('SEGURIDAD', 'bcaswill1y', 'uTLu3kZC', 1, 'Blair', 'Caswill', '1973-10-12', '55 East Junction', 230909864),
('MECANICO', 'bchadbourn5', '7RW4egdSaNCX', 2, 'Barbaraanne', 'Chadbourn', '1990-04-04', '9 Moose Pass', 732073565),
('MECANICO', 'beakenh', 'G5Tm7VJhuU', 3, 'Bradney', 'Eaken', '1979-07-06', '847 Hazelcrest Way', 174325750),
('SEGURIDAD', 'bfairfoot1t', 'cUHYTnQA', 2, 'Benny', 'Fairfoot', '1995-10-26', '48 Clyde Gallagher Terrace', 34238620),
('MECANICO', 'bferrieres1s', 'E5kXujfUI4B', 3, 'Berton', 'Ferrieres', '1995-04-06', '8095 Anzinger Hill', 148678989),
('LIMPIEZA', 'bfincher1c', 'IH2cmwkhtQE', 2, 'Bald', 'Fincher', '1994-03-26', '19603 Northfield Road', 751113075),
('SEGURIDAD', 'bimesson1a', 'Fcg5wK', 2, 'Berthe', 'Imesson', '1973-05-14', '7 Drewry Terrace', 183570467),
('LIMPIEZA', 'bjorissenp', 'c6JI2S', 2, 'Benson', 'Jorissen', '1972-02-19', '56 Debs Pass', 129072072),
('SEGURIDAD', 'bkearford0', 'fLaIjo6', 2, 'Babs', 'Kearford', '1974-03-03', '37 Bellgrove Center', 683330213),
('MECANICO', 'bliffr', 'P3wrZ7ctrgT', 3, 'Babbette', 'Liff', '1981-03-18', '43 Pierstorff Road', 127189793),
('MECANICO', 'bmatczak1a', 'jneXgfToUI', 1, 'Bondon', 'Matczak', '1993-11-18', '35596 Wayridge Avenue', 579641099),
('SEGURIDAD', 'bmollatt15', 'cuUaPzAj', 3, 'Byrann', 'Mollatt', '1986-10-26', '600 Grayhawk Alley', 132500761),
('SEGURIDAD', 'bpendleton1s', 'GTGdRjvy73', 3, 'Berny', 'Pendleton', '1972-04-03', '3173 Eagle Crest Crossing', 173893421),
('LIMPIEZA', 'bpotzold2a', 'QqsLbUkz06w', 1, 'Birgitta', 'Potzold', '1974-01-09', '9 Rigney Pass', 731280173),
('SEGURIDAD', 'bstelljes1b', 'tP15Zat', 3, 'Berti', 'Stelljes', '1992-01-11', '3531 Dunning Parkway', 756244275),
('MECANICO', 'btoffanov', 'XVjFep', 2, 'Barnett', 'Toffano', '1976-05-06', '4 Blaine Place', 389436244),
('SEGURIDAD', 'bwolvers', 'dcLlWpklks7z', 1, 'Bryanty', 'Wolver', '1992-02-04', '147 Loomis Way', 334124958),
('MECANICO', 'calliberton2r', 'gbPiGOZ', 2, 'Conrad', 'Alliberton', '1984-03-21', '19451 Heffernan Trail', 171830229),
('SEGURIDAD', 'ccollinh', 'Ex7BQiHQ', 2, 'Celina', 'Collin', '1981-08-24', '88972 Spaight Avenue', 568052668),
('SEGURIDAD', 'cdunniomf', 'ZL21OI', 2, 'Casper', 'Dunniom', '1971-07-21', '2203 Nobel Drive', 524317052),
('LIMPIEZA', 'cfrizzell27', 'xgGEM961n', 3, 'Christoph', 'Frizzell', '1992-12-10', '2432 Dennis Center', 600302348),
('MECANICO', 'chattiff1t', 'QHhUDXiz2', 3, 'Cord', 'Hattiff', '1975-04-09', '89 Erie Way', 606896551),
('LIMPIEZA', 'ckaas2b', 'muKpn6glUq', 1, 'Christie', 'Kaas', '1974-09-21', '368 Briar Crest Alley', 534930886),
('MECANICO', 'cknealec', 'ePqhCXWyu', 2, 'Chelsey', 'Kneale', '1985-01-08', '03676 American Ash Alley', 471178909),
('LIMPIEZA', 'clivsey1b', '456Gx1', 1, 'Clywd', 'Livsey', '1992-03-07', '17 Loftsgordon Crossing', 663942464),
('LIMPIEZA', 'clowtht', 'hfBZ2NaL0m', 3, 'Ches', 'Lowth', '1996-07-25', '8 Basil Plaza', 250134545),
('LIMPIEZA', 'clumley1', 'V3YdQm4ebLXv', 2, 'Cristy', 'Lumley', '1979-07-01', '603 Eastlawn Terrace', 66577925),
('SEGURIDAD', 'cmacilraith26', 'XMye9fhi5Xeo', 1, 'Charmaine', 'MacIlraith', '1994-10-22', '613 Troy Pass', 284285069),
('MECANICO', 'cmarde0', 'plvnKqE', 2, 'Claudio', 'Marde', '1972-10-30', '076 Colorado Place', 160713245),
('SEGURIDAD', 'cmcnickle2b', 'foiv8Qf8Qdnj', 2, 'Cahra', 'McNickle', '1989-05-14', '1 Kensington Way', 488254645),
('SEGURIDAD', 'cpaudin24', '2X1hevUMSRF', 3, 'Cam', 'Paudin', '1987-06-24', '7346 Raven Way', 404787605),
('LIMPIEZA', 'cpetrina1n', 'uMfRk57aC', 3, 'Cathyleen', 'Petrina', '1977-10-20', '75860 Grasskamp Pass', 180714331),
('SEGURIDAD', 'cpretorius2f', 'q16dCmztGTx', 2, 'Clerc', 'Pretorius', '1993-06-21', '045 Anniversary Place', 966860180),
('SEGURIDAD', 'criall4', 'DDRYo5', 3, 'Chaim', 'Riall', '1982-02-15', '74375 Eliot Point', 298751425),
('SEGURIDAD', 'cshoesmith2r', 'MQKLKhmVfPz', 1, 'Chrysler', 'Shoesmith', '1996-08-30', '52567 Nancy Junction', 72501666),
('MECANICO', 'ctrinder2k', 'njMBZQxF', 3, 'Cary', 'Trinder', '1970-07-01', '7 Bunker Hill Way', 322992931),
('LIMPIEZA', 'cwadsworth25', 'Kygcm7mjC', 3, 'Chere', 'Wadsworth', '1990-01-12', '4 Summer Ridge Parkway', 605757322),
('LIMPIEZA', 'cwatchorn1p', '6QeRmCSe', 2, 'Caryn', 'Watchorn', '1980-05-24', '48 Swallow Court', 961790352),
('LIMPIEZA', 'cwestcarr0', 'qCtTG6YwRTk', 2, 'Catarina', 'Westcarr', '1981-05-15', '130 Cascade Crossing', 153414361),
('SEGURIDAD', 'dantoniod', 'BSN542kjUd', 2, 'Danni', 'Antonio', '1970-01-22', '026 Harper Crossing', 264508827),
('SEGURIDAD', 'dcall1g', 'PWspunKrVV', 2, 'Deina', 'Call', '1980-11-20', '26544 Moulton Park', 136493195),
('SEGURIDAD', 'dcheccucci2j', 'BW42GDK', 2, 'Devlin', 'Checcucci', '1977-07-30', '8 North Pass', 421349957),
('SEGURIDAD', 'ddayly23', '4cW6t7p6', 1, 'Domenic', 'Dayly', '1994-09-19', '587 Meadow Vale Place', 699106707),
('LIMPIEZA', 'dharsnipe2h', 'Bxstj6oMECU', 2, 'Darlleen', 'Harsnipe', '1987-05-04', '025 Chinook Place', 789019340),
('LIMPIEZA', 'dkislingbury1m', 'w7EVhU', 1, 'Dominic', 'Kislingbury', '1994-05-24', '2870 Mendota Plaza', 770496978),
('LIMPIEZA', 'dkobpa9', '3f3E2FWOuZ', 1, 'Delila', 'Kobpa', '1992-11-12', '13035 Bartelt Avenue', 245767622),
('MECANICO', 'dlashmar1z', 'lRe0jDhCGHOB', 2, 'Darla', 'Lashmar', '1978-04-24', '130 Ruskin Parkway', 717202374),
('LIMPIEZA', 'dlinggard16', '8PgM1VH', 3, 'Dael', 'Linggard', '1980-07-28', '28565 Prairieview Circle', 195386354),
('SEGURIDAD', 'dmifflin1w', 'yfmjzKd', 1, 'Dorie', 'Mifflin', '1971-11-06', '99 Mariners Cove Pass', 661412948),
('MECANICO', 'dnollet1m', 'meAvgF', 1, 'Datha', 'Nollet', '1974-06-12', '6 Surrey Center', 936332680),
('MECANICO', 'droxby2e', 'rnsahv21QbP', 1, 'Doralyn', 'Roxby', '1971-11-07', '67 Pennsylvania Junction', 719820018),
('SEGURIDAD', 'dsciusscietto27', 'KoySXrrazr', 1, 'Dimitri', 'Sciusscietto', '1980-04-21', '5 Troy Crossing', 856974453),
('SEGURIDAD', 'dsoggi', 'GKJs3Mwfw7', 2, 'Daryl', 'Sogg', '1990-03-05', '3180 Trailsway Parkway', 58528131),
('SEGURIDAD', 'dverlinde2k', 'kNHmjC0BBM', 3, 'Dorotea', 'Verlinde', '1977-02-13', '740 Brickson Park Hill', 854801050),
('LIMPIEZA', 'dwinthrop2g', 'ZKUwuTbb8CZ', 1, 'Dena', 'Winthrop', '1993-10-14', '6258 Derek Drive', 367220046),
('SEGURIDAD', 'dwitherow2l', 'gAGd35mvsD', 3, 'Delilah', 'Witherow', '1984-11-03', '57 Heffernan Drive', 212371244),
('LIMPIEZA', 'eablott1d', 'Jzq81pd9deTP', 2, 'Eduard', 'Ablott', '1971-04-06', '9 Schiller Avenue', 580667659),
('SEGURIDAD', 'ebaystont', 'NhG6XHWIG7', 1, 'Em', 'Bayston', '1984-03-29', '468 Barnett Parkway', 71839152),
('LIMPIEZA', 'echatenierj', 'ymv8dhMz', 3, 'Eustacia', 'Chatenier', '1982-06-24', '2755 Marcy Trail', 233246681),
('LIMPIEZA', 'edibartolommeo2q', '1vIKwc8Gne', 1, 'Erik', 'Di Bartolommeo', '1992-06-29', '7 Bonner Street', 995323063),
('MECANICO', 'egoatman1o', 'R4sn8sM6', 3, 'Erena', 'Goatman', '1970-09-04', '26255 Mcbride Parkway', 482953977),
('SEGURIDAD', 'eivison2g', 'JhRI3yK5a', 2, 'Ewell', 'Ivison', '1983-04-20', '4171 Mosinee Lane', 550087398),
('LIMPIEZA', 'emaudetti', 'Oa5kRvw', 3, 'Esmaria', 'Maudett', '1977-03-13', '2 Ludington Plaza', 159242450),
('LIMPIEZA', 'epower2l', 'sddyv5ibM', 2, 'Eldon', 'Power', '1984-07-20', '31017 Scott Avenue', 780688302),
('LIMPIEZA', 'eredbourn1f', 'uLTK0lCY79i', 1, 'Evelin', 'Redbourn', '1975-02-14', '842 Vermont Circle', 98795506),
('MECANICO', 'eryal25', 'i4nyRyY10', 3, 'Emelita', 'Ryal', '1996-06-07', '69518 Ruskin Junction', 714076735),
('SEGURIDAD', 'esowte1n', '7YhoFh', 2, 'Esteban', 'Sowte', '1976-01-23', '48086 West Center', 886097827),
('LIMPIEZA', 'estokoe14', 'VLBJesgZNJx', 1, 'Emelita', 'Stokoe', '1982-07-23', '344 Sunnyside Way', 619461175),
('LIMPIEZA', 'ewaddilowx', '2m5JfsPgSoI', 3, 'Eleen', 'Waddilow', '1985-01-21', '0545 Jay Pass', 994908293),
('MECANICO', 'fbasden11', 'I9tlBIhJhi', 3, 'Federica', 'Basden', '1989-02-11', '763 Nova Place', 954819160),
('SEGURIDAD', 'fbeersm', 'WFh2cLjG', 3, 'Florella', 'Beers', '1991-08-16', '4839 1st Place', 89781842),
('LIMPIEZA', 'fbellini19', 'XK7wB9on0ruB', 1, 'Flor', 'Bellini', '1981-05-20', '93 Westerfield Junction', 947087009),
('LIMPIEZA', 'fbountiffc', 'hftVxRfQ', 1, 'Findlay', 'Bountiff', '1970-12-05', '699 Loeprich Center', 569497626),
('LIMPIEZA', 'fcoverlynl', 'CFZIQG', 3, 'Fawnia', 'Coverlyn', '1980-11-23', '47479 Bunker Hill Drive', 842103490),
('LIMPIEZA', 'fduhamel1e', 'MBGBull', 3, 'Fiorenze', 'Du Hamel', '1980-01-28', '1655 Thierer Terrace', 548554457),
('MECANICO', 'feastment19', 'K2Sl6i', 1, 'Fleming', 'Eastment', '1987-04-19', '5 Monument Point', 817201339),
('MECANICO', 'fgilvary15', 'k3aPOm', 3, 'Frasier', 'Gilvary', '1994-06-01', '51 Nobel Park', 494745624),
('MECANICO', 'focahey2b', 'U5xRsb', 2, 'Frayda', 'O''Cahey', '1994-02-26', '10319 Miller Road', 270914844),
('MECANICO', 'frothermel1k', 'C884iOvYACLU', 3, 'Finley', 'Rothermel', '1987-08-28', '3833 Sycamore Road', 853327899),
('SEGURIDAD', 'gantoniche', 'wx3g6T57e365', 3, 'Gaile', 'Antonich', '1983-05-03', '5347 Fremont Plaza', 672812175),
('LIMPIEZA', 'gbalazs4', 'isnksod7Ii5W', 2, 'Goddard', 'Balazs', '1988-06-13', '1 Dottie Parkway', 134306713),
('SEGURIDAD', 'gchaim10', 't5tpN0Rc', 1, 'Gino', 'Chaim', '1994-06-24', '836 Bartelt Circle', 199593939),
('LIMPIEZA', 'gcriniony', 'UQO9g3Z', 1, 'Gene', 'Crinion', '1992-11-26', '7868 Kipling Hill', 53201318),
('LIMPIEZA', 'gculligan2i', '1qMAQuDBWnBo', 1, 'Goldy', 'Culligan', '1993-05-20', '0608 Lawn Hill', 103183714),
('SEGURIDAD', 'gcyson13', '8IaU2LGy', 2, 'Garrik', 'Cyson', '1976-03-14', '68 6th Alley', 419344600),
('MECANICO', 'gestcot2p', '3ijkJipkMYV', 3, 'Gustavo', 'Estcot', '1983-02-24', '2794 Merrick Terrace', 545464958),
('SEGURIDAD', 'ghatchellx', 'RT26Cqmlq', 2, 'Grantley', 'Hatchell', '1992-07-18', '457 Farwell Avenue', 989795518),
('SEGURIDAD', 'gkenset29', 'MguseGNDi1', 1, 'Giraldo', 'Kenset', '1988-02-06', '167 American Ash Street', 16178100),
('MECANICO', 'gmagog1g', '8xWsNhUMArgJ', 3, 'Gaynor', 'Magog', '1987-09-25', '988 Scofield Point', 843696289),
('LIMPIEZA', 'gpelzq', 'l4z6K0kIk', 2, 'Giraldo', 'Pelz', '1978-01-29', '2 Elka Drive', 481506955),
('LIMPIEZA', 'gpiens2j', 'AVHnXZfs6c22', 2, 'Guillema', 'Piens', '1977-11-05', '417 Manitowish Terrace', 451401457),
('SEGURIDAD', 'gritchie1k', 'hqkVBOtr', 1, 'Ginger', 'Ritchie', '1993-02-02', '324 Morningstar Parkway', 152793515),
('SEGURIDAD', 'gsteddallc', 'GMVqhDV', 3, 'Gaye', 'Steddall', '1981-06-09', '1439 Oriole Drive', 578095730),
('MECANICO', 'halesok', 'AJDx7v', 3, 'Harmonia', 'Aleso', '1994-01-26', '99 Menomonie Road', 686130246),
('LIMPIEZA', 'hdanilovichu', 'E1NvL8YlZgO7', 1, 'Hertha', 'Danilovich', '1984-09-19', '707 Pearson Point', 116035400),
('SEGURIDAD', 'hfrandsen1v', 'NBN6cRaZ', 1, 'Hyman', 'Frandsen', '1976-09-03', '64 Miller Center', 564843051),
('MECANICO', 'hgleed18', 'uSPpAlQboM0', 1, 'Hieronymus', 'Gleed', '1988-12-14', '93 Longview Trail', 76954877),
('MECANICO', 'hmacdirmidb', '5PfYOVni8', 3, 'Hobey', 'MacDirmid', '1986-11-12', '3016 Hanson Place', 613492793),
('LIMPIEZA', 'hmatusevichg', 'rEnGx1HkDb', 3, 'Harlene', 'Matusevich', '1978-01-14', '6 Straubel Way', 28403060),
('LIMPIEZA', 'hmcgreayf', 'XOhkZHn9pYg', 1, 'Hayley', 'McGreay', '1984-10-06', '9 Golf Course Trail', 758939739),
('MECANICO', 'hmckeevers1v', 'F4y9d5xWE', 2, 'Heindrick', 'McKeevers', '1970-12-05', '69 Mendota Trail', 993303877),
('SEGURIDAD', 'hpaolonen', 'jNtk6JPehoKY', 2, 'Hasty', 'Paolone', '1984-07-21', '0 Canary Point', 44282141),
('MECANICO', 'hshegogx', 'aLoil68D', 1, 'Harald', 'Shegog', '1991-12-31', '053 Mcbride Center', 133505839),
('LIMPIEZA', 'hstackbridge1g', 'oKpJHBjA', 3, 'Hughie', 'Stackbridge', '1983-08-01', '950 Sugar Center', 226414333),
('MECANICO', 'htrowellg', 'fasMf95f', 3, 'Hettie', 'Trowell', '1979-01-29', '8 Cambridge Crossing', 343483540),
('MECANICO', 'hvesque1l', 'zrIX7PefP', 3, 'Horatius', 'Vesque', '1970-03-25', '540 Crest Line Way', 746985978),
('LIMPIEZA', 'ifranceschiellid', 'xv6aaHcReZGW', 1, 'Izak', 'Franceschielli', '1970-02-18', '7 Cascade Court', 951254694),
('LIMPIEZA', 'ihalfhead2m', 'TDFaOcnDA6', 3, 'Isabel', 'Halfhead', '1979-10-02', '8311 3rd Place', 258445356),
('MECANICO', 'imidford10', 'wMftopLx9uob', 2, 'Iolande', 'Midford', '1978-02-28', '306 Little Fleur Drive', 653282864),
('SEGURIDAD', 'isterndaleq', 'hTwsGle6xXn', 1, 'Ichabod', 'Sterndale', '1987-03-30', '14286 Veith Parkway', 127345668),
('SEGURIDAD', 'iturfusr', 'kZDrvhWtZ6YW', 1, 'Irving', 'Turfus', '1995-01-23', '7 Mifflin Pass', 287891038),
('LIMPIEZA', 'japfelmann5', 'bG23wa3UX', 3, 'Joaquin', 'Apfelmann', '1994-02-22', '20093 Merchant Trail', 633971863),
('SEGURIDAD', 'jbartczakk', '8w1GeIR', 2, 'Jana', 'Bartczak', '1994-12-28', '2808 Northridge Street', 350348729),
('LIMPIEZA', 'jceelyn', 'IRo99Kjz', 2, 'Jasper', 'Ceely', '1972-04-22', '89273 Hoard Circle', 752643397),
('LIMPIEZA', 'jdoyley1r', '69FsB74', 3, 'Jilli', 'Doyley', '1988-10-21', '74485 Glendale Pass', 592440143),
('LIMPIEZA', 'jedmott1q', 'rwASgUdAdQb', 3, 'Jim', 'Edmott', '1974-08-23', '3 Melvin Parkway', 287016054),
('LIMPIEZA', 'jjaine8', 'K3qX1nfFKi', 3, 'Janek', 'Jaine', '1975-02-19', '762 Holy Cross Terrace', 123113445),
('MECANICO', 'jkubaceks', 'mqJibM', 3, 'June', 'Kubacek', '1974-09-27', '8927 Merry Place', 259133349),
('SEGURIDAD', 'jlushey1m', 'IJZRkTq5SO', 2, 'Joey', 'Lushey', '1992-04-16', '11 Memorial Plaza', 835386508),
('MECANICO', 'jnewland13', 'rXfhnlfWe', 3, 'Jaimie', 'Newland', '1989-05-10', '71 Canary Drive', 928780916),
('LIMPIEZA', 'jparriss2f', 'gNq1DQ6', 2, 'Jarvis', 'Parriss', '1991-04-02', '7067 Carberry Drive', 586888803),
('MECANICO', 'jquereej', 'xKBMFrKa7', 2, 'Jammal', 'Queree', '1990-02-16', '6791 Dorton Crossing', 192972553),
('MECANICO', 'jsparke1c', 'aPKxYkZlopWG', 1, 'Jeremie', 'Sparke', '1988-10-01', '53 Marquette Plaza', 446011568),
('LIMPIEZA', 'jwylam1k', 'KJvnWcLHufc', 3, 'Jaclyn', 'Wylam', '1988-08-13', '42 Kim Park', 109598884),
('LIMPIEZA', 'kboowe', 'C1JC1ee', 3, 'Kevan', 'Boow', '1983-07-26', '784 Blue Bill Park Drive', 936544967),
('MECANICO', 'kbunny2c', 'GJshH5QZeb', 1, 'King', 'Bunny', '1983-04-18', '1422 Almo Street', 544273902),
('LIMPIEZA', 'kcarlingh', 'XoAbh2n1hHb', 2, 'Kristian', 'Carling', '1971-01-30', '39 Lien Junction', 107897021),
('SEGURIDAD', 'khagart5', 'bH9vrp', 3, 'Koressa', 'Hagart', '1982-06-10', '32 Mayer Court', 70223765),
('SEGURIDAD', 'khuntingdony', 'Ij58Yn', 2, 'Kikelia', 'Huntingdon', '1985-12-05', '8805 Northview Park', 606081778),
('SEGURIDAD', 'kkenyon1f', 'GEcBwc4J', 1, 'Kaitlynn', 'Kenyon', '1990-01-19', '9 Gerald Avenue', 479571808),
('LIMPIEZA', 'kmagog1w', 'IyIKsH3in8pB', 2, 'Kristan', 'Magog', '1992-01-27', '47 Lakeland Avenue', 649792943),
('SEGURIDAD', 'kmccluney25', '3kaCFK', 3, 'Karleen', 'McCluney', '1992-11-29', '2397 Fremont Park', 492517546),
('LIMPIEZA', 'korder7', 'HM3dOGE', 1, 'Kaitlin', 'Order', '1973-09-22', '58068 Mayer Way', 873688684),
('LIMPIEZA', 'kpeak1j', 'T3bqMI4nD4', 3, 'Kleon', 'Peak', '1981-04-20', '6441 Parkside Park', 710978821),
('SEGURIDAD', 'kstare1h', '6OeSUIc', 1, 'Kaja', 'Stare', '1984-05-20', '77 Larry Lane', 369315603),
('MECANICO', 'kyounger1e', 'i1NEnnoAs', 2, 'Kiri', 'Younger', '1987-10-18', '193 Lillian Lane', 321479690),
('LIMPIEZA', 'lalbisser20', 'gJiMMrCPRtLj', 1, 'Lennie', 'Albisser', '1997-01-22', '04540 Raven Alley', 850940298),
('SEGURIDAD', 'lbranno1u', 'O7am3piE', 2, 'Leone', 'Branno', '1974-10-30', '75871 Caliangt Avenue', 733530746),
('SEGURIDAD', 'lbruinemann1j', 'pQ1UhE', 1, 'Lilias', 'Bruinemann', '1995-03-23', '5437 Forest Court', 724242611),
('LIMPIEZA', 'lcaiger1z', 'du6f7Cioxna', 2, 'Libby', 'Caiger', '1995-12-30', '7750 Merchant Park', 385733730),
('MECANICO', 'ldanneil20', 'wSpnlOt', 3, 'Lorry', 'Danneil', '1987-08-09', '18143 American Ash Parkway', 986122883),
('MECANICO', 'ldomengey', 'lLQuT8bJWf', 2, 'Laurel', 'Domenge', '1986-08-02', '7320 Bonner Center', 458926662),
('LIMPIEZA', 'ldooney1u', 'vBhvGBOaF', 1, 'Lind', 'Dooney', '1971-05-26', '66 Wayridge Trail', 417556666),
('LIMPIEZA', 'ldussy26', 'imjsP9P6', 3, 'Lyndell', 'Dussy', '1992-06-16', '32658 Dahle Parkway', 605141590),
('MECANICO', 'legle2m', 'QfiaOJw5Igpg', 2, 'Lindsey', 'Egle', '1992-06-13', '9 South Crossing', 53390525),
('SEGURIDAD', 'lfermor2h', 'DdNlO8KD8e', 1, 'Lilian', 'Fermor', '1982-08-28', '3 International Parkway', 864179503),
('LIMPIEZA', 'lfollet28', 'M485teH7WJ3V', 1, 'Lari', 'Follet', '1984-12-16', '330 Lillian Point', 550714933),
('MECANICO', 'lgaitskillt', 'vlJpIR', 3, 'Lotti', 'Gaitskill', '1997-05-08', '585 Forest Run Circle', 578139514),
('MECANICO', 'lgebbe1h', 'AM8uifwyyxkN', 2, 'Lorne', 'Gebbe', '1987-10-18', '99 Kingsford Park', 504532063),
('SEGURIDAD', 'lgosney1r', 'gf1WukLQH', 1, 'Livia', 'Gosney', '1989-03-13', '10 Brickson Park Pass', 277657849),
('SEGURIDAD', 'lhammerberg2c', 'RpmagHNY9', 2, 'Lind', 'Hammerberg', '1989-07-10', '96 Glacier Hill Crossing', 814946561),
('SEGURIDAD', 'ljenmanp', 'Tvjc7pp', 2, 'Lenora', 'Jenman', '1992-04-18', '7444 Grim Street', 206094071),
('SEGURIDAD', 'llenardj', 'BL4vo6i11Be', 1, 'Loretta', 'Lenard', '1972-09-05', '28 Michigan Junction', 498901907),
('LIMPIEZA', 'lneasam18', 'HjS5w6ONguEj', 1, 'Lissa', 'Neasam', '1976-08-17', '09 Merry Park', 743552933),
('SEGURIDAD', 'lparlet20', 'nOQSpYQo0rwQ', 1, 'Lonee', 'Parlet', '1991-11-08', '26609 Beilfuss Way', 740075260),
('LIMPIEZA', 'lseabert1x', 'mBo9yz', 2, 'Luella', 'Seabert', '1987-04-21', '9 Hooker Crossing', 308729593),
('MECANICO', 'lswetmore1w', 'dx67Kg', 2, 'Leeland', 'Swetmore', '1971-11-02', '307 Vahlen Point', 379949117),
('LIMPIEZA', 'lweafer1o', 'yGPmn7W36d', 1, 'Leif', 'Weafer', '1990-01-23', '4730 Colorado Junction', 513650700),
('SEGURIDAD', 'lzoren18', 'YvqdkU', 3, 'Lynn', 'Zoren', '1976-10-28', '8 Portage Point', 241287632),
('MECANICO', 'mbeaumont4', 'GlvUEMUCl2Ms', 1, 'Mindy', 'Beaumont', '1972-12-20', '650 Jay Drive', 175718742),
('SEGURIDAD', 'mblanchard2p', 'XBQ8RAWt2K', 3, 'Minetta', 'Blanchard', '1974-09-30', '8 Mcbride Crossing', 470233250),
('LIMPIEZA', 'mbour2n', 'Nvuwijml', 2, 'Marla', 'Bour', '1970-06-15', '617 Golden Leaf Parkway', 696727683),
('SEGURIDAD', 'mbrigshawb', 'WBfRVKoSKv', 1, 'Mahmud', 'Brigshaw', '1979-12-20', '41 Cody Junction', 233503855),
('LIMPIEZA', 'mclinta', 'XfpKJ9g', 2, 'Marys', 'Clint', '1991-12-06', '04008 Onsgard Street', 829995649),
('LIMPIEZA', 'mconnerlyb', 'vEn3Omez', 2, 'Michaeline', 'Connerly', '1991-09-29', '86 Fordem Hill', 475213280),
('MECANICO', 'mcorgenvin1y', 'N3uElVH', 3, 'Melisa', 'Corgenvin', '1979-02-15', '3 Shasta Center', 150359320),
('MECANICO', 'mdahmke2n', 'RpCZAW6G', 3, 'Morgen', 'Dahmke', '1991-06-10', '64 Blue Bill Park Hill', 996169139),
('MECANICO', 'mdavitashvilif', 'XXAsSoQNRZ', 2, 'Merv', 'Davitashvili', '1981-03-17', '3099 Harbort Crossing', 385634405),
('MECANICO', 'mdelisle14', '3Ronbm', 2, 'Merrielle', 'De L''Isle', '1989-01-31', '298 High Crossing Pass', 540136091),
('MECANICO', 'medmeadsq', 'RteDxZ', 3, 'Mordecai', 'Edmeads', '1991-12-01', '324 Everett Way', 676057601),
('MECANICO', 'merswell2d', 'gfbQvdH4M', 3, 'Maynard', 'Erswell', '1981-09-27', '371 Monica Center', 724008654),
('SEGURIDAD', 'mfilgate11', '5HLtc3vmO6I', 1, 'Margaret', 'Filgate', '1987-07-11', '83699 Main Trail', 948070029),
('SEGURIDAD', 'mfranzke16', 'DU3Zn6VF', 2, 'Mariya', 'Franzke', '1991-12-16', '7646 Rutledge Trail', 519601611),
('MECANICO', 'mhenker24', 'YcBYrZUeK', 2, 'Melloney', 'Henker', '1989-01-03', '02870 Shopko Hill', 32840151),
('MECANICO', 'mjeaffersonp', 'ZY96p5wzr', 3, 'Melinda', 'Jeafferson', '1977-08-20', '91673 Meadow Valley Pass', 656948965),
('SEGURIDAD', 'mmacgragh1c', '427R85KE', 3, 'Marlon', 'MacGragh', '1978-10-24', '560 Hazelcrest Circle', 51453909),
('MECANICO', 'mmerrydew1d', 'BImH9b0A', 3, 'Mabel', 'Merrydew', '1982-04-11', '50 Anniversary Point', 475876838),
('SEGURIDAD', 'mmillan14', 'orWHDDhG', 2, 'Melisenda', 'Millan', '1989-06-25', '86726 Washington Junction', 810717076),
('MECANICO', 'mmontier7', 'PzvnITy', 3, 'Mano', 'Montier', '1988-06-08', '99414 Charing Cross Terrace', 481261651),
('SEGURIDAD', 'mmuckersie1', 'slQPbi', 2, 'Marylou', 'Muckersie', '1996-01-04', '2732 Novick Street', 545613351),
('MECANICO', 'mneema', 'AY8ldfQYw3v', 1, 'Minna', 'Neem', '1989-04-19', '29111 Trailsway Terrace', 548172496),
('SEGURIDAD', 'mporrittw', '2jT8WmreNXh', 1, 'Minny', 'Porritt', '1971-01-18', '501 Lukken Point', 694769053),
('LIMPIEZA', 'mshorto1i', 'xLwx7syLo', 3, 'Minta', 'Shorto', '1993-02-03', '95 Birchwood Point', 509263152),
('LIMPIEZA', 'mstledger12', 'PvQQort', 3, 'Matthaeus', 'St Ledger', '1986-07-15', '90 Sullivan Way', 691602449),
('MECANICO', 'mstoggelld', 'z7TdduAk5Y', 2, 'Marsha', 'Stoggell', '1981-09-06', '80 Eastwood Crossing', 705370070),
('LIMPIEZA', 'mtorregiani29', 'YRscGyguAY', 2, 'Mace', 'Torregiani', '1972-01-14', '1912 Susan Circle', 735176525),
('MECANICO', 'mtortoise8', '5F57C1dj3', 3, 'Marty', 'Tortoise', '1981-05-09', '39 Kingsford Crossing', 529112417),
('MECANICO', 'mwhitty1i', 'WaMdaa', 1, 'Marni', 'Whitty', '1988-06-15', '8579 Merry Hill', 285912321),
('MECANICO', 'mwillerstone22', 'xtAmj7yZu', 2, 'Martha', 'Willerstone', '1992-03-24', '970 Arkansas Center', 422997563),
('SEGURIDAD', 'nadrainl', 'fvRLKVIeB00u', 2, 'Noah', 'Adrain', '1979-09-22', '696 Paget Hill', 491675944),
('LIMPIEZA', 'nbenningerm', 'E9IAdh', 1, 'Nikolaos', 'Benninger', '1974-08-20', '92 Dorton Court', 616663718),
('SEGURIDAD', 'ncapelina', '3Jvlqjs', 2, 'Nicky', 'Capelin', '1976-07-22', '5093 Pankratz Plaza', 663707555),
('MECANICO', 'ncarletto1j', 'NzYxWL', 2, 'Nollie', 'Carletto', '1994-10-17', '1826 Victoria Lane', 404914092),
('SEGURIDAD', 'ndunstan1e', 'Riao1tb', 2, 'Nikkie', 'Dunstan', '1981-12-25', '3492 Roth Court', 179667977),
('SEGURIDAD', 'nhallybone2d', 'Gtic359HZ', 3, 'Nicoli', 'Hallybone', '1976-01-29', '5 Orin Road', 80568215),
('SEGURIDAD', 'nhercock2m', 'tJiZP0XY', 3, 'Neila', 'Hercock', '1973-12-03', '58224 Glacier Hill Crossing', 368991175),
('LIMPIEZA', 'nkilfeather24', 'rMpghPzgq', 3, 'Niels', 'Kilfeather', '1976-03-11', '30327 Barby Drive', 306137318),
('SEGURIDAD', 'nmilington1i', '9tGNdQm', 2, 'Noble', 'Milington', '1988-05-31', '03 Rusk Road', 370765356),
('LIMPIEZA', 'nrichfield15', 'H0Dx6OEw0bB', 2, 'Nels', 'Richfield', '1975-11-20', '7 Schurz Crossing', 812172762),
('LIMPIEZA', 'nthripp1s', 'NHkdLqV0AV', 2, 'Ned', 'Thripp', '1980-04-26', '14 Meadow Ridge Street', 55620346),
('MECANICO', 'ojoiner27', 'zzCHY4', 3, 'Orsa', 'Joiner', '1973-08-18', '92 Grover Circle', 376469091),
('MECANICO', 'omeyrick23', '8P26f6TqcZ', 1, 'Oliver', 'Meyrick', '1987-12-23', '5 Surrey Plaza', 835280863),
('MECANICO', 'pestcourt29', 'DvCKROxGdz9e', 1, 'Petrina', 'Estcourt', '1988-11-16', '010 Hanson Place', 9415476),
('MECANICO', 'pfortesquieu1q', 'F71W4H', 3, 'Pietro', 'Fortesquieu', '1983-12-23', '1811 Village Green Parkway', 405800539),
('MECANICO', 'qheaven1r', '7M7v2W6LB75s', 2, 'Quent', 'Heaven', '1977-11-26', '45 Golden Leaf Place', 164582636),
('MECANICO', 'rargere', 'wcJ5KYIiBB', 2, 'Roderigo', 'Arger', '1983-01-29', '5 Atwood Place', 959180051),
('LIMPIEZA', 'rbealeso', 'iLakhRYO', 3, 'Robert', 'Beales', '1975-10-29', '15 Vahlen Circle', 76332693),
('LIMPIEZA', 'rbelderfields', 'vagnFUAC9', 2, 'Renate', 'Belderfield', '1984-05-29', '24 Old Shore Hill', 963264679),
('SEGURIDAD', 'rboxenu', 'nR2Y9SdrGZ', 3, 'Randee', 'Boxen', '1987-07-04', '06 Lakeland Crossing', 246681068),
('SEGURIDAD', 'rcolqueran2q', 'QtN3r7', 1, 'Rubetta', 'Colqueran', '1978-01-07', '6 Acker Lane', 29762229),
('SEGURIDAD', 'rdrummond1d', 'BQBqYHyoG', 1, 'Ruthanne', 'Drummond', '1992-02-15', '9349 Manley Trail', 920356262),
('MECANICO', 'rgiovannilli1', 'NXsHQXDhM', 1, 'Rona', 'Giovannilli', '1997-05-09', '7510 Shelley Way', 688047142),
('LIMPIEZA', 'rgrowy10', 'UTxwPv6U', 3, 'Rakel', 'Growy', '1980-04-26', '7245 Ramsey Terrace', 322934895),
('LIMPIEZA', 'rmatchitt6', 'ndmjNBzo8H', 1, 'Rutger', 'Matchitt', '1970-12-11', '686 Mitchell Hill', 356727409),
('LIMPIEZA', 'rmcfeatv', '6Jz3iT', 1, 'Roddie', 'McFeat', '1975-06-07', '86150 Vahlen Lane', 452989015),
('SEGURIDAD', 'rorans1l', 'S7Or2xaXXR', 3, 'Reagen', 'Orans', '1978-02-22', '510 La Follette Point', 121957810),
('SEGURIDAD', 'rpancast2', 'VOT7LXQ6g', 3, 'Rosetta', 'Pancast', '1990-10-14', '3023 Dryden Center', 778081928),
('LIMPIEZA', 'rpeat13', 'h1iyHV', 3, 'Rici', 'Peat', '1985-01-04', '7 Burrows Crossing', 929097557),
('MECANICO', 'rrandlesome2j', 'R6tV0Esa', 1, 'Rennie', 'Randlesome', '1974-07-02', '5807 East Terrace', 819404636),
('MECANICO', 'sackersu', 'Mr4ljWh', 1, 'Stanislaus', 'Ackers', '1974-06-26', '39599 Raven Trail', 374162854),
('MECANICO', 'scapey12', 'AryVcWM', 3, 'Siegfried', 'Capey', '1984-10-25', '991 Everett Crossing', 716754150),
('LIMPIEZA', 'scroomew', 'IOMVTM', 2, 'Sybil', 'Croome', '1988-08-03', '47 Gerald Terrace', 541117314),
('LIMPIEZA', 'sdemalchar1y', '8ZIVLYDFARz', 2, 'Sophronia', 'De Malchar', '1974-05-09', '9200 Schlimgen Court', 946275581),
('SEGURIDAD', 'sdriffieldo', '4ofKJtf5B', 3, 'Sid', 'Driffield', '1984-11-05', '4 Magdeline Parkway', 616049582),
('SEGURIDAD', 'sdyet2a', 'zq8Dz3', 2, 'Sydney', 'Dyet', '1975-11-26', '26516 Acker Hill', 606727438),
('MECANICO', 'sfellnee2o', '0gSKJAvQe', 3, 'Stevie', 'Fellnee', '1982-09-22', '9 Hayes Drive', 386985582),
('SEGURIDAD', 'slenahan1z', 'JxVgzse3Uh', 1, 'Sonia', 'Lenahan', '1980-03-31', '07618 Magdeline Court', 738721107),
('SEGURIDAD', 'smuat22', 'za3CkM5I', 1, 'Stephine', 'Muat', '1977-08-05', '9261 Memorial Point', 711155324),
('LIMPIEZA', 'sshuxsmith2d', 'dvJzcPE', 3, 'Sonia', 'Shuxsmith', '1980-05-21', '441 Cambridge Circle', 279449484),
('MECANICO', 'sskeggsw', 'RNsumfTMG', 2, 'Simone', 'Skeggs', '1974-05-16', '2655 Hanover Street', 448015790),
('LIMPIEZA', 'sspolton22', 'qj7sT9slY', 2, 'Stevie', 'Spolton', '1970-05-31', '6140 Merrick Junction', 661506983),
('SEGURIDAD', 'ssummergill1o', 'V2gd0R8wX7', 3, 'Salli', 'Summergill', '1983-03-08', '327 Fremont Alley', 626370476),
('LIMPIEZA', 'stranter2o', 'I8H0Yp', 2, 'Stevana', 'Tranter', '1971-12-17', '179 6th Plaza', 828424750),
('LIMPIEZA', 'syork1v', 'WNDwHP', 3, 'Sigismond', 'York', '1975-05-25', '7 Schmedeman Avenue', 155363135),
('LIMPIEZA', 'tatkin2e', 'MueHVBsYCHRu', 3, 'Tomas', 'Atkin', '1976-09-08', '493 Schiller Road', 491712797),
('MECANICO', 'tcranmer2l', 'UXXdxM', 3, 'Timmy', 'Cranmer', '1995-06-25', '40560 Truax Hill', 840439415),
('MECANICO', 'tculter2i', '7xFTyPsT2k6', 1, 'Thorvald', 'Culter', '1988-07-03', '3068 Union Terrace', 69321335),
('MECANICO', 'tgannaway2', 'CAUDm6A5', 3, 'Taddeo', 'Gannaway', '1978-11-19', '8 Lien Parkway', 814164999),
('LIMPIEZA', 'tlaydon2p', 'AwTURR7Tm', 3, 'Trever', 'Laydon', '1994-12-13', '5612 Browning Park', 524967542),
('SEGURIDAD', 'tlowder19', 'Y1lkkg', 2, 'Thatch', 'Lowder', '1988-03-16', '042 Moose Avenue', 680166337),
('MECANICO', 'toleszcuk2q', 'tvCaHG', 3, 'Tully', 'Oleszcuk', '1982-12-08', '9 Del Sol Pass', 956225581),
('MECANICO', 'tredbourn2h', '5gfxV6r3', 1, 'Tomaso', 'Redbourn', '1988-08-16', '763 Tennessee Crossing', 771774766),
('SEGURIDAD', 'tshelton21', 'J7g9Vm', 2, 'Trude', 'Shelton', '1993-08-26', '11 Shoshone Terrace', 399717477),
('LIMPIEZA', 'tsmitham2k', '9Ilfjt', 3, 'Teena', 'Smitham', '1978-10-13', '23 Schlimgen Alley', 432649657),
('SEGURIDAD', 'ttanti12', 'Dyjs8uyNqn', 2, 'Tobe', 'Tanti', '1982-08-26', '86862 Gale Parkway', 525017454),
('SEGURIDAD', 'ttookev', 'vMHMLKPP6', 1, 'Travis', 'Tooke', '1994-04-05', '66002 Grim Avenue', 991971770),
('LIMPIEZA', 'ttrevaink', 'gEnuAj2', 3, 'Tuesday', 'Trevain', '1970-04-28', '0 Pierstorff Court', 710184062),
('MECANICO', 'twell1p', 'T2QULX03wEBf', 3, 'Tish', 'Well', '1978-09-29', '406 Autumn Leaf Crossing', 958029225),
('MECANICO', 'twinspar1n', 'qsbIaUNGGx', 2, 'Todd', 'Winspar', '1994-02-03', '26 Northview Circle', 840438483),
('MECANICO', 'tyatman21', 'XzNJpI9qUPhq', 3, 'Tove', 'Yatman', '1985-04-12', '73640 Utah Crossing', 210449827),
('SEGURIDAD', 'uafield2i', 'VDeYrhsqun', 1, 'Urbano', 'Afield', '1984-10-31', '2 Schurz Way', 17922548),
('LIMPIEZA', 'vbeeke1a', 'UL37GPiGG7Pe', 3, 'Van', 'Beeke', '1976-03-24', '7 Cascade Park', 332310511),
('LIMPIEZA', 'vbraunfeld23', 'hAghN68', 2, 'Vin', 'Braunfeld', '1976-12-14', '32184 Marcy Court', 215533399),
('MECANICO', 'vgorrien', 'p4mxNkcYOQ', 1, 'Valry', 'Gorrie', '1992-09-04', '6688 Fordem Place', 717667755),
('MECANICO', 'vtibalt3', 'PGShQvifn', 1, 'Valdemar', 'Tibalt', '1978-06-09', '6 Northview Road', 164108447),
('SEGURIDAD', 'wemig2e', '11oLEAC7kN', 1, 'Winni', 'Emig', '1983-03-06', '84802 Starling Plaza', 364477967),
('LIMPIEZA', 'wfivey2r', 'N3iQFwJ5vI', 1, 'Wayne', 'Fivey', '1975-09-15', '04 Loeprich Center', 610495670),
('SEGURIDAD', 'whalgarth7', 'J8dG5y2AWr', 1, 'Wilma', 'Halgarth', '1981-08-01', '68911 Kings Alley', 615676866),
('LIMPIEZA', 'whowlett2', 'NabAi8x', 1, 'Wilma', 'Howlett', '1989-05-16', '643 Russell Point', 663785181),
('MECANICO', 'wjeannin1f', 'YxBsEEc0j', 3, 'Wendye', 'Jeannin', '1993-02-17', '9 Mcbride Lane', 486110929),
('MECANICO', 'wkirkbride2f', 'EHhTth', 1, 'Willa', 'Kirkbride', '1981-01-30', '14 Becker Pass', 14218823),
('MECANICO', 'wmangenot28', '3e4dBw70NIml', 1, 'Woodie', 'Mangenot', '1973-10-23', '24 Forest Court', 8114570),
('MECANICO', 'wtroddenz', 'lEini1W', 3, 'Walden', 'Trodden', '1989-05-25', '3 Barnett Pass', 47950757),
('SEGURIDAD', 'yarnley2n', 'BdD1Qjxuo5', 1, 'Yovonnda', 'Arnley', '1979-05-23', '7 Pawling Center', 823951942),
('SEGURIDAD', 'zfuggles17', 'qvC7oRT', 2, 'Zerk', 'Fuggles', '1993-10-13', '9 Quincy Way', 693624769),
('LIMPIEZA', 'znormaville1t', 'IBjOV4qs', 2, 'Zaria', 'Normaville', '1991-09-04', '9604 Londonderry Avenue', 20883663);

--
-- Restricciones para tablas volcadas
--

--
-- Filtros para la tabla `cargos`
--
ALTER TABLE `cargos`
  ADD CONSTRAINT `cargos_ibfk_2` FOREIGN KEY (`cod_garaje`, `num_plaza`) REFERENCES `plazas` (`cod_garaje`, `num_plaza`) ON DELETE CASCADE ON UPDATE CASCADE,
  ADD CONSTRAINT `cargos_ibfk_3` FOREIGN KEY (`cod_servicio`) REFERENCES `servicios` (`cod`) ON DELETE CASCADE ON UPDATE CASCADE;

--
-- Filtros para la tabla `pedidos`
--
ALTER TABLE `pedidos`
  ADD CONSTRAINT `pedidos_ibfk_1` FOREIGN KEY (`cod_producto`) REFERENCES `productos` (`cod`) ON DELETE CASCADE ON UPDATE CASCADE;

--
-- Filtros para la tabla `plazas`
--
ALTER TABLE `plazas`
  ADD CONSTRAINT `plazas_ibfk_1` FOREIGN KEY (`cod_garaje`) REFERENCES `garajes` (`cod`) ON DELETE CASCADE ON UPDATE CASCADE;

--
-- Filtros para la tabla `productos`
--
ALTER TABLE `productos`
  ADD CONSTRAINT `productos_ibfk_1` FOREIGN KEY (`cod_servicio`) REFERENCES `servicios` (`cod`) ON DELETE CASCADE ON UPDATE CASCADE,
  ADD CONSTRAINT `productos_ibfk_2` FOREIGN KEY (`cod_proveedor`) REFERENCES `distribuidores` (`cod`) ON DELETE CASCADE ON UPDATE CASCADE;

--
-- Filtros para la tabla `tarjetas`
--
ALTER TABLE `tarjetas`
  ADD CONSTRAINT `tarjetas_ibfk_1` FOREIGN KEY (`cod_garaje`, `num_plaza`) REFERENCES `plazas` (`cod_garaje`, `num_plaza`) ON DELETE CASCADE ON UPDATE CASCADE;

--
-- Filtros para la tabla `usuarios`
--
ALTER TABLE `usuarios`
  ADD CONSTRAINT `usuarios_ibfk_1` FOREIGN KEY (`cod_garaje`) REFERENCES `garajes` (`cod`) ON DELETE CASCADE ON UPDATE CASCADE;

/*!40101 SET CHARACTER_SET_CLIENT=@OLD_CHARACTER_SET_CLIENT */;
/*!40101 SET CHARACTER_SET_RESULTS=@OLD_CHARACTER_SET_RESULTS */;
/*!40101 SET COLLATION_CONNECTION=@OLD_COLLATION_CONNECTION */;
